{
    "name": "root",
    "gauges": {
        "BossAI.Policy.Entropy.mean": {
            "value": 2.5246872901916504,
            "min": 2.5246872901916504,
            "max": 2.5246872901916504,
            "count": 1
        },
        "BossAI.Policy.Entropy.sum": {
            "value": 70282.2421875,
            "min": 70282.2421875,
            "max": 70282.2421875,
            "count": 1
        },
        "BossAI.Environment.EpisodeLength.mean": {
            "value": 70.24362606232295,
            "min": 70.24362606232295,
            "max": 70.24362606232295,
            "count": 1
        },
        "BossAI.Environment.EpisodeLength.sum": {
            "value": 24796.0,
            "min": 24796.0,
            "max": 24796.0,
            "count": 1
        },
        "BossAI.Self-play.ELO.mean": {
            "value": 1704.3730993432866,
            "min": 1704.3730993432866,
            "max": 1704.3730993432866,
            "count": 1
        },
        "BossAI.Self-play.ELO.sum": {
            "value": 601643.7040681802,
            "min": 601643.7040681802,
            "max": 601643.7040681802,
            "count": 1
        },
        "BossAI.Step.mean": {
            "value": 949950.0,
            "min": 949950.0,
            "max": 949950.0,
            "count": 1
        },
        "BossAI.Step.sum": {
            "value": 949950.0,
            "min": 949950.0,
            "max": 949950.0,
            "count": 1
        },
        "BossAI.Policy.ExtrinsicValueEstimate.mean": {
            "value": 4.9862589836120605,
            "min": 4.9862589836120605,
            "max": 4.9862589836120605,
            "count": 1
        },
        "BossAI.Policy.ExtrinsicValueEstimate.sum": {
            "value": 3315.8623046875,
            "min": 3315.8623046875,
            "max": 3315.8623046875,
            "count": 1
        },
        "BossAI.Environment.CumulativeReward.mean": {
            "value": 7.446438113042805,
            "min": 7.446438113042805,
            "max": 7.446438113042805,
            "count": 1
        },
        "BossAI.Environment.CumulativeReward.sum": {
            "value": 2628.59265390411,
            "min": 2628.59265390411,
            "max": 2628.59265390411,
            "count": 1
        },
        "BossAI.Policy.ExtrinsicReward.mean": {
            "value": 7.446438113042805,
            "min": 7.446438113042805,
            "max": 7.446438113042805,
            "count": 1
        },
        "BossAI.Policy.ExtrinsicReward.sum": {
            "value": 2628.59265390411,
            "min": 2628.59265390411,
            "max": 2628.59265390411,
            "count": 1
        },
        "BossAI.Losses.PolicyLoss.mean": {
            "value": 0.023788482246406298,
            "min": 0.023788482246406298,
            "max": 0.023788482246406298,
            "count": 1
        },
        "BossAI.Losses.PolicyLoss.sum": {
            "value": 0.047576964492812596,
            "min": 0.047576964492812596,
            "max": 0.047576964492812596,
            "count": 1
        },
        "BossAI.Losses.ValueLoss.mean": {
            "value": 0.32942415550351145,
            "min": 0.32942415550351145,
            "max": 0.32942415550351145,
            "count": 1
        },
        "BossAI.Losses.ValueLoss.sum": {
            "value": 0.6588483110070229,
            "min": 0.6588483110070229,
            "max": 0.6588483110070229,
            "count": 1
        },
        "BossAI.Policy.LearningRate.mean": {
            "value": 0.00015936424687859998,
            "min": 0.00015936424687859998,
            "max": 0.00015936424687859998,
            "count": 1
        },
        "BossAI.Policy.LearningRate.sum": {
            "value": 0.00031872849375719995,
            "min": 0.00031872849375719995,
            "max": 0.00031872849375719995,
            "count": 1
        },
        "BossAI.Policy.Epsilon.mean": {
            "value": 0.15312140000000002,
            "min": 0.15312140000000002,
            "max": 0.15312140000000002,
            "count": 1
        },
        "BossAI.Policy.Epsilon.sum": {
            "value": 0.30624280000000004,
            "min": 0.30624280000000004,
            "max": 0.30624280000000004,
            "count": 1
        },
        "BossAI.Policy.Beta.mean": {
            "value": 0.00266075786,
            "min": 0.00266075786,
            "max": 0.00266075786,
            "count": 1
        },
        "BossAI.Policy.Beta.sum": {
            "value": 0.00532151572,
            "min": 0.00532151572,
            "max": 0.00532151572,
            "count": 1
        },
        "BossAI.IsTraining.mean": {
            "value": 1.0,
            "min": 1.0,
            "max": 1.0,
            "count": 1
        },
        "BossAI.IsTraining.sum": {
            "value": 1.0,
            "min": 1.0,
            "max": 1.0,
            "count": 1
        }
    },
    "metadata": {
        "timer_format_version": "0.1.0",
        "start_time_seconds": "1770775788",
        "python_version": "3.10.12 | packaged by Anaconda, Inc. | (main, Jul  5 2023, 19:01:18) [MSC v.1916 64 bit (AMD64)]",
        "command_line_arguments": "C:\\Users\\PiLabStudent\\miniconda3\\envs\\mlagents\\Scripts\\mlagents-learn .\\config\\PPO\\BossEnemyConfig.yaml --run-id=Boss02 --resume",
        "mlagents_version": "1.2.0.dev0",
        "mlagents_envs_version": "1.2.0.dev0",
        "communication_protocol_version": "1.5.0",
        "pytorch_version": "2.2.2+cu121",
        "numpy_version": "1.23.5",
        "end_time_seconds": "1770776345"
    },
    "total": 556.5913933999836,
    "count": 1,
    "self": 0.010186800034716725,
    "children": {
        "run_training.setup": {
            "total": 0.06572649994632229,
            "count": 1,
            "self": 0.06572649994632229
        },
        "TrainerController.start_learning": {
            "total": 556.5154801000026,
            "count": 1,
            "self": 0.5451015068683773,
            "children": {
                "TrainerController._reset_env": {
                    "total": 8.334970500029158,
                    "count": 2,
                    "self": 8.334970500029158
                },
                "TrainerController.advance": {
                    "total": 547.4204805931076,
                    "count": 34567,
                    "self": 0.598971187020652,
                    "children": {
                        "env_step": {
                            "total": 536.2459841015516,
                            "count": 34567,
                            "self": 296.8750196030014,
                            "children": {
                                "SubprocessEnvManager._take_step": {
                                    "total": 239.04791760101216,
                                    "count": 34567,
                                    "self": 2.5358880014973693,
                                    "children": {
                                        "TorchPolicy.evaluate": {
                                            "total": 236.5120295995148,
                                            "count": 68254,
                                            "self": 236.5120295995148
                                        }
                                    }
                                },
                                "workers": {
                                    "total": 0.3230468975380063,
                                    "count": 34566,
                                    "self": 0.0,
                                    "children": {
                                        "worker_root": {
                                            "total": 542.9770282009849,
                                            "count": 34566,
                                            "is_parallel": true,
                                            "self": 280.75586959929205,