{
    "name": "root",
    "gauges": {
        "AutoPlayer.Policy.Entropy.mean": {
            "value": 1.9581373929977417,
            "min": 1.950682520866394,
            "max": 2.5168914794921875,
            "count": 40
        },
        "AutoPlayer.Policy.Entropy.sum": {
            "value": 97906.8671875,
            "min": 97534.125,
            "max": 125844.5703125,
            "count": 40
        },
        "AutoPlayer.Step.mean": {
            "value": 1999896.0,
            "min": 49896.0,
            "max": 1999896.0,
            "count": 40
        },
        "AutoPlayer.Step.sum": {
            "value": 1999896.0,
            "min": 49896.0,
            "max": 1999896.0,
            "count": 40
        },
        "AutoPlayer.Policy.ExtrinsicValueEstimate.mean": {
            "value": 0.4377500116825104,
            "min": -0.0016910713165998459,
            "max": 0.5292593240737915,
            "count": 40
        },
        "AutoPlayer.Policy.ExtrinsicValueEstimate.sum": {
            "value": 175.10000610351562,
            "min": -0.6747374534606934,
            "max": 211.70372009277344,
            "count": 40
        },
        "AutoPlayer.Policy.CuriosityValueEstimate.mean": {
            "value": 0.5681816339492798,
            "min": 0.16157133877277374,
            "max": 0.7882469296455383,
            "count": 40
        },
        "AutoPlayer.Policy.CuriosityValueEstimate.sum": {
            "value": 227.27264404296875,
            "min": 64.46696472167969,
            "max": 315.29876708984375,
            "count": 40
        },
        "AutoPlayer.Losses.PolicyLoss.mean": {
            "value": 0.02527871207205339,
            "min": 0.01940561206999583,
            "max": 0.026815838049368164,
            "count": 40
        },
        "AutoPlayer.Losses.PolicyLoss.sum": {
            "value": 0.10111484828821356,
            "min": 0.0686545484779271,
            "max": 0.10726335219747266,
            "count": 40
        },
        "AutoPlayer.Losses.ValueLoss.mean": {
            "value": 0.0019717736142061916,
            "min": 0.0009571496996457683,
            "max": 0.021203205775334702,
            "count": 40
        },
        "AutoPlayer.Losses.ValueLoss.sum": {
            "value": 0.007887094456824766,
            "min": 0.0038285987985830733,
            "max": 0.0636096173260041,
            "count": 40
        },
        "AutoPlayer.Policy.LearningRate.mean": {
            "value": 4.665098444999995e-06,
            "min": 4.665098444999995e-06,
            "max": 0.00029622000125999995,
            "count": 40
        },
        "AutoPlayer.Policy.LearningRate.sum": {
            "value": 1.866039377999998e-05,
            "min": 1.866039377999998e-05,
            "max": 0.00115866001378,
            "count": 40
        },
        "AutoPlayer.Policy.Epsilon.mean": {
            "value": 0.101555,
            "min": 0.101555,
            "max": 0.19874000000000003,
            "count": 40
        },
        "AutoPlayer.Policy.Epsilon.sum": {
            "value": 0.40622,
            "min": 0.40622,
            "max": 0.7862200000000001,
            "count": 40
        },
        "AutoPlayer.Policy.Beta.mean": {
            "value": 2.5394499999999982e-05,
            "min": 2.5394499999999982e-05,
            "max": 0.000987526,
            "count": 40
        },
        "AutoPlayer.Policy.Beta.sum": {
            "value": 0.00010157799999999993,
            "min": 0.00010157799999999993,
            "max": 0.003863578,
            "count": 40
        },
        "AutoPlayer.Losses.CuriosityForwardLoss.mean": {
            "value": 0.267042549270572,
            "min": 0.24404790994682996,
            "max": 3.098027130871108,
            "count": 40
        },
        "AutoPlayer.Losses.CuriosityForwardLoss.sum": {
            "value": 1.068170197082288,
            "min": 0.9761916397873198,
            "max": 9.294081392613323,
            "count": 40
        },
        "AutoPlayer.Losses.CuriosityInverseLoss.mean": {
            "value": 3.3043724646170936,
            "min": 3.2608347738331016,
            "max": 4.144738475782702,
            "count": 40
        },
        "AutoPlayer.Losses.CuriosityInverseLoss.sum": {
            "value": 13.217489858468374,
            "min": 12.422093570232391,
            "max": 16.57895390313081,
            "count": 40
        },
        "AutoPlayer.Environment.EpisodeLength.mean": {
            "value": 999.0,
            "min": 999.0,
            "max": 999.0,
            "count": 40
        },
        "AutoPlayer.Environment.EpisodeLength.sum": {
            "value": 49950.0,
            "min": 49950.0,
            "max": 49950.0,
            "count": 40
        },
        "AutoPlayer.Environment.CumulativeReward.mean": {
            "value": 4.208955403976143,
            "min": 0.5518634042759635,
            "max": 5.294240743815899,
            "count": 40
        },
        "AutoPlayer.Environment.CumulativeReward.sum": {
            "value": 210.44777019880712,
            "min": 27.04130680952221,
            "max": 264.71203719079494,
            "count": 40
        },
        "AutoPlayer.Policy.ExtrinsicReward.mean": {
            "value": 4.208955403976143,
            "min": 0.5518634042759635,
            "max": 5.294240743815899,
            "count": 40
        },
        "AutoPlayer.Policy.ExtrinsicReward.sum": {
            "value": 210.44777019880712,
            "min": 27.04130680952221,
            "max": 264.71203719079494,
            "count": 40
        },
        "AutoPlayer.Policy.CuriosityReward.mean": {
            "value": 5.519378851056099,
            "min": 4.896457331776619,
            "max": 14.738502271321355,
            "count": 40
        },
        "AutoPlayer.Policy.CuriosityReward.sum": {
            "value": 275.96894255280495,
            "min": 244.82286658883095,
            "max": 722.1866112947464,
            "count": 40
        },
        "AutoPlayer.IsTraining.mean": {
            "value": 1.0,
            "min": 1.0,
            "max": 1.0,
            "count": 40
        },
        "AutoPlayer.IsTraining.sum": {
            "value": 1.0,
            "min": 1.0,
            "max": 1.0,
            "count": 40
        }
    },
    "metadata": {
        "timer_format_version": "0.1.0",
        "start_time_seconds": "1758797852",
        "python_version": "3.10.12 | packaged by Anaconda, Inc. | (main, Jul  5 2023, 19:01:18) [MSC v.1916 64 bit (AMD64)]",
        "command_line_arguments": "C:\\Users\\Doomf\\miniconda3\\envs\\mlagents4\\Scripts\\mlagents-learn .\\config\\PPO\\AutoPlayerConfig.yaml --run-id=player01",
        "mlagents_version": "1.2.0.dev0",
        "mlagents_envs_version": "1.2.0.dev0",
        "communication_protocol_version": "1.5.0",
        "pytorch_version": "2.2.2+cu121",
        "numpy_version": "1.23.5",
        "end_time_seconds": "1758801231"
    },
    "total": 3379.4171641000003,
    "count": 1,
    "self": 0.06672779999962586,
    "children": {
        "run_training.setup": {
            "total": 0.0996473000000151,
            "count": 1,
            "self": 0.0996473000000151
        },
        "TrainerController.start_learning": {
            "total": 3379.2507890000006,
            "count": 1,
            "self": 1.4729237999154066,
            "children": {
                "TrainerController._reset_env": {
                    "total": 30.968278299999838,
                    "count": 1,
                    "self": 30.968278299999838
                },
                "TrainerController.advance": {
                    "total": 3346.679934700085,
                    "count": 80128,
                    "self": 1.3108630999449815,
                    "children": {
                        "env_step": {
                            "total": 2538.3918730001133,
                            "count": 80128,
                            "self": 2045.733776200013,