{
    "name": "root",
    "metadata": {
        "timer_format_version": "0.1.0",
        "start_time_seconds": "1752399477",
        "python_version": "3.10.12 | packaged by Anaconda, Inc. | (main, Jul  5 2023, 19:01:18) [MSC v.1916 64 bit (AMD64)]",
        "command_line_arguments": "C:\\Users\\Doomf\\miniconda3\\envs\\mlagents\\Scripts\\mlagents-learn D:\\work\\4th_year\\SeniorProject\\results\\Enemy1\\configuration.yaml --run-id=Enemy1 --train",
        "mlagents_version": "1.1.0",
        "mlagents_envs_version": "1.1.0",
        "communication_protocol_version": "1.5.0",
        "pytorch_version": "2.2.2+cu121",
        "numpy_version": "1.23.5",
        "end_time_seconds": "1752399576"
    },
    "total": 99.61645719999797,
    "count": 1,
    "self": 0.006209600018337369,
    "children": {
        "run_training.setup": {
            "total": 0.10303279999061488,
            "count": 1,
            "self": 0.10303279999061488
        },
        "TrainerController.start_learning": {
            "total": 99.50721479998901,
            "count": 1,
            "self": 0.1285670005599968,
            "children": {
                "TrainerController._reset_env": {
                    "total": 9.747695300000487,
                    "count": 1,
                    "self": 9.747695300000487
                },
                "TrainerController.advance": {
                    "total": 89.53982569942309,
                    "count": 7646,
                    "self": 0.11266839942254592,
                    "children": {
                        "env_step": {
                            "total": 88.53892969959998,
                            "count": 7646,
                            "self": 60.99366869928781,
                            "children": {
                                "SubprocessEnvManager._take_step": {
                                    "total": 27.46618800010765,
                                    "count": 7646,
                                    "self": 0.327408300654497,
                                    "children": {
                                        "TorchPolicy.evaluate": {
                                            "total": 27.138779699453153,
                                            "count": 7637,
                                            "self": 27.138779699453153
                                        }
                                    }
                                },
                                "workers": {
                                    "total": 0.07907300020451657,
                                    "count": 7645,
                                    "self": 0.0,
                                    "children": {
                                        "worker_root": {
                                            "total": 75.53440249958658,
                                            "count": 7645,
                                            "is_parallel": true,
                                            "self": 35.356536199658876,
                                            "children": {
                                                "steps_from_proto": {
                                                    "total": 0.00033239999902434647,
                                                    "count": 1,
                                                    "is_parallel": true,
                                                    "self": 0.00019109998538624495,
                                                    "children": {
                                                        "_process_rank_one_or_two_observation": {
                                                            "total": 0.00014130001363810152,
                                                            "count": 2,
                                                            "is_parallel": true,
                                                            "self": 0.00014130001363810152
                                                        }
                                                    }
                                                },
                                                "UnityEnvironment.step": {
                                                    "total": 40.177533899928676,
                                                    "count": 7645,
                                                    "is_parallel": true,
                                                    "self": 0.4812280004261993,
                                                    "children": {
                                                        "UnityEnvironment._generate_step_input": {
                                                            "total": 0.3857462001906242,
                                                            "count": 7645,
                                                            "is_parallel": true,
                                                            "self": 0.3857462001906242
                                                        },
                                                        "communicator.exchange": {
                                                            "total": 37.837173900334165,
                                                            "count": 7645,
                                                            "is_parallel": true,
                                                            "self": 37.837173900334165
                                                        },
                                                        "steps_from_proto": {
                                                            "total": 1.473385798977688,
                                                            "count": 7645,
                                                            "is_parallel": true,
                                                            "self": 0.9484674987907056,
                                                            "children": {
                                                                "_process_rank_one_or_two_observation": {
                                                                    "total": 0.5249183001869824,
                                                                    "count": 15290,
                                                                    "is_parallel": true,
                                                                    "self": 0.5249183001869824
                                                                }
                                                            }
                                                        }
                                                    }
                                                }
                                            }
                                        }
                                    }
                                }
                            }
                        },
                        "trainer_advance": {
                            "total": 0.8882276004005689,
                            "count": 7645,
                            "self": 0.16093400040699635,
                            "children": {
                                "process_trajectory": {
                                    "total": 0.7272935999935726,
                                    "count": 7645,
                                    "self": 0.7272935999935726
                                }
                            }
                        }
                    }
                },
                "trainer_threads": {
                    "total": 1.00000761449337e-06,
                    "count": 1,
                    "self": 1.00000761449337e-06
                },
                "TrainerController._save_models": {
                    "total": 0.0911257999978261,
                    "count": 1,
                    "self": 0.0012583999923663214,