{
    "name": "root",
    "metadata": {
        "timer_format_version": "0.1.0",
        "start_time_seconds": "1773129105",
        "python_version": "3.10.12 | packaged by Anaconda, Inc. | (main, Jul  5 2023, 19:01:18) [MSC v.1916 64 bit (AMD64)]",
        "command_line_arguments": "C:\\Users\\PiLabStudent\\miniconda3\\envs\\mlagents\\Scripts\\mlagents-learn .\\config\\PPO\\BossEnemyConfig.yaml --run-id=Boss07 --resume",
        "mlagents_version": "1.2.0.dev0",
        "mlagents_envs_version": "1.2.0.dev0",
        "communication_protocol_version": "1.5.0",
        "pytorch_version": "2.2.2+cu121",
        "numpy_version": "1.23.5",
        "end_time_seconds": "1773129188"
    },
    "total": 82.63272949995007,
    "count": 1,
    "self": 0.008752899942919612,
    "children": {
        "run_training.setup": {
            "total": 0.06664139998611063,
            "count": 1,
            "self": 0.06664139998611063
        },
        "TrainerController.start_learning": {
            "total": 82.55733520002104,
            "count": 1,
            "self": 0.06998629844747484,
            "children": {
                "TrainerController._reset_env": {
                    "total": 9.311710499925539,
                    "count": 2,
                    "self": 9.311710499925539
                },
                "TrainerController.advance": {
                    "total": 72.92044530168641,
                    "count": 4731,
                    "self": 0.07663460576441139,
                    "children": {
                        "env_step": {
                            "total": 72.05420379748102,
                            "count": 4731,
                            "self": 29.10355829470791,
                            "children": {
                                "SubprocessEnvManager._take_step": {
                                    "total": 42.909603904234245,
                                    "count": 4731,
                                    "self": 0.3259613090194762,
                                    "children": {
                                        "TorchPolicy.evaluate": {
                                            "total": 42.58364259521477,
                                            "count": 9308,
                                            "self": 42.58364259521477
                                        }
                                    }
                                },
                                "workers": {
                                    "total": 0.04104159853886813,
                                    "count": 4730,
                                    "self": 0.0,
                                    "children": {
                                        "worker_root": {
                                            "total": 73.73400849814061,
                                            "count": 4730,
                                            "is_parallel": true,
                                            "self": 48.37591089203488,
                                            "children": {
                                                "steps_from_proto": {
                                                    "total": 0.0008547001052647829,
                                                    "count": 4,
                                                    "is_parallel": true,
                                                    "self": 0.00043079990427941084,
                                                    "children": {
                                                        "_process_rank_one_or_two_observation": {
                                                            "total": 0.00042390020098537207,
                                                            "count": 24,
                                                            "is_parallel": true,
                                                            "self": 0.00042390020098537207
                                                        }
                                                    }
                                                },
                                                "UnityEnvironment.step": {
                                                    "total": 25.357242906000465,
                                                    "count": 4730,
                                                    "is_parallel": true,
                                                    "self": 0.3306188003625721,
                                                    "children": {
                                                        "UnityEnvironment._generate_step_input": {
                                                            "total": 0.2630631026113406,
                                                            "count": 4730,
                                                            "is_parallel": true,
                                                            "self": 0.2630631026113406
                                                        },
                                                        "communicator.exchange": {
                                                            "total": 23.099318900844082,
                                                            "count": 4730,
                                                            "is_parallel": true,
                                                            "self": 23.099318900844082
                                                        },
                                                        "steps_from_proto": {
                                                            "total": 1.6642421021824703,
                                                            "count": 9460,
                                                            "is_parallel": true,
                                                            "self": 0.8648525070166215,
                                                            "children": {
                                                                "_process_rank_one_or_two_observation": {
                                                                    "total": 0.7993895951658487,
                                                                    "count": 56760,
                                                                    "is_parallel": true,
                                                                    "self": 0.7993895951658487
                                                                }
                                                            }
                                                        }
                                                    }
                                                }
                                            }
                                        }
                                    }
                                }
                            }
                        },
                        "trainer_advance": {
                            "total": 0.7896068984409794,
                            "count": 9460,
                            "self": 0.2354088017018512,
                            "children": {
                                "process_trajectory": {
                                    "total": 0.5541980967391282,
                                    "count": 9460,
                                    "self": 0.5541980967391282
                                }
                            }
                        }
                    }
                },
                "trainer_threads": {
                    "total": 8.00006091594696e-07,
                    "count": 1,
                    "self": 8.00006091594696e-07
                },
                "TrainerController._save_models": {
                    "total": 0.2551922999555245,
                    "count": 1,
                    "self": 0.0026694999542087317,