{
    "name": "root",
    "gauges": {
        "PlayerAI.Policy.Entropy.mean": {
            "value": 2.035841464996338,
            "min": 1.973894476890564,
            "max": 2.7957379817962646,
            "count": 10
        },
        "PlayerAI.Policy.Entropy.sum": {
            "value": 101759.5,
            "min": 98700.6484375,
            "max": 699169.4375,
            "count": 10
        },
        "PlayerAI.Step.mean": {
            "value": 499968.0,
            "min": 49994.0,
            "max": 499968.0,
            "count": 10
        },
        "PlayerAI.Step.sum": {
            "value": 499968.0,
            "min": 49994.0,
            "max": 499968.0,
            "count": 10
        },
        "PlayerAI.Policy.ExtrinsicValueEstimate.mean": {
            "value": -0.029637040570378304,
            "min": -0.09005887806415558,
            "max": 0.12571074068546295,
            "count": 10
        },
        "PlayerAI.Policy.ExtrinsicValueEstimate.sum": {
            "value": -23.146528244018555,
            "min": -70.33598327636719,
            "max": 98.30580139160156,
            "count": 10
        },
        "PlayerAI.Losses.PolicyLoss.mean": {
            "value": 0.016315252994213048,
            "min": 0.01524071281213158,
            "max": 0.018957975809462367,
            "count": 10
        },
        "PlayerAI.Losses.PolicyLoss.sum": {
            "value": 0.04894575898263914,
            "min": 0.03048142562426316,
            "max": 0.0542743681066592,
            "count": 10
        },
        "PlayerAI.Losses.ValueLoss.mean": {
            "value": 1.4861040502485897e-05,
            "min": 1.4861040502485897e-05,
            "max": 0.08105368431812773,
            "count": 10
        },
        "PlayerAI.Losses.ValueLoss.sum": {
            "value": 4.458312150745769e-05,
            "min": 4.458312150745769e-05,
            "max": 0.16210736863625547,
            "count": 10
        },
        "PlayerAI.Policy.LearningRate.mean": {
            "value": 0.0002291712236096,
            "min": 0.0002291712236096,
            "max": 0.00029538030153989996,
            "count": 10
        },
        "PlayerAI.Policy.LearningRate.sum": {
            "value": 0.0006875136708288,
            "min": 0.00047374369208545003,
            "max": 0.0008445645184785001,
            "count": 10
        },
        "PlayerAI.Policy.Epsilon.mean": {
            "value": 0.17639039999999995,
            "min": 0.17639039999999995,
            "max": 0.19846010000000003,
            "count": 10
        },
        "PlayerAI.Policy.Epsilon.sum": {
            "value": 0.5291711999999998,
            "min": 0.35791455000000005,
            "max": 0.5815215,
            "count": 10
        },
        "PlayerAI.Policy.Beta.mean": {
            "value": 0.0038218809600000007,
            "min": 0.0038218809600000007,
            "max": 0.004923158990000001,
            "count": 10
        },
        "PlayerAI.Policy.Beta.sum": {
            "value": 0.011465642880000002,
            "min": 0.007899936045,
            "max": 0.014077922849999997,
            "count": 10
        },
        "PlayerAI.Environment.EpisodeLength.mean": {
            "value": 9989.333333333334,
            "min": 4428.25,
            "max": 55844.0,
            "count": 7
        },
        "PlayerAI.Environment.EpisodeLength.sum": {
            "value": 29968.0,
            "min": 17713.0,
            "max": 291744.0,
            "count": 7
        },
        "PlayerAI.Self-play.ELO.mean": {
            "value": 1186.2883407083598,
            "min": 1186.2883407083598,
            "max": 1199.2503597786724,
            "count": 7
        },
        "PlayerAI.Self-play.ELO.sum": {
            "value": 3558.865022125079,
            "min": 1198.0064676637714,
            "max": 8340.059476027773,
            "count": 7
        },
        "PlayerAI.Environment.CumulativeReward.mean": {
            "value": -2.733333251749476,
            "min": -133.39214958064258,
            "max": -2.733333251749476,
            "count": 7
        },
        "PlayerAI.Environment.CumulativeReward.sum": {
            "value": -8.199999755248427,
            "min": -135.16999442130327,
            "max": -8.199999755248427,
            "count": 7
        },
        "PlayerAI.Policy.ExtrinsicReward.mean": {
            "value": -2.733333251749476,
            "min": -133.39214958064258,
            "max": -2.733333251749476,
            "count": 7
        },
        "PlayerAI.Policy.ExtrinsicReward.sum": {
            "value": -8.199999755248427,
            "min": -135.16999442130327,
            "max": -8.199999755248427,
            "count": 7
        },
        "PlayerAI.IsTraining.mean": {
            "value": 1.0,
            "min": 1.0,
            "max": 1.0,
            "count": 10
        },
        "PlayerAI.IsTraining.sum": {
            "value": 1.0,
            "min": 1.0,
            "max": 1.0,
            "count": 10
        },
        "BossAI.Policy.Entropy.mean": {
            "value": 2.381483554840088,
            "min": 2.048095226287842,
            "max": 2.381483554840088,
            "count": 7
        },
        "BossAI.Policy.Entropy.sum": {
            "value": 119038.453125,
            "min": 102468.25,
            "max": 635371.3125,
            "count": 7
        },
        "BossAI.Environment.EpisodeLength.mean": {
            "value": 575.7386363636364,
            "min": 575.7386363636364,
            "max": 17674.75,
            "count": 7
        },
        "BossAI.Environment.EpisodeLength.sum": {
            "value": 50665.0,
            "min": 37975.0,
            "max": 217029.0,
            "count": 7
        },
        "BossAI.Step.mean": {
            "value": 349978.0,
            "min": 49948.0,
            "max": 349978.0,
            "count": 7
        },
        "BossAI.Step.sum": {
            "value": 349978.0,
            "min": 49948.0,
            "max": 349978.0,
            "count": 7
        },
        "BossAI.Policy.ExtrinsicValueEstimate.mean": {
            "value": -20.21139907836914,
            "min": -51.35669708251953,
            "max": -12.90125560760498,
            "count": 7
        },
        "BossAI.Policy.ExtrinsicValueEstimate.sum": {
            "value": -17139.265625,
            "min": -40366.36328125,
            "max": -10088.7822265625,
            "count": 7
        },
        "BossAI.Losses.PolicyLoss.mean": {
            "value": 0.02419087813643273,
            "min": 0.02306992442890381,
            "max": 0.027335468873546535,
            "count": 7
        },
        "BossAI.Losses.PolicyLoss.sum": {
            "value": 0.12095439068216364,
            "min": 0.10320777156788001,
            "max": 0.13667734436773268,
            "count": 7
        },
        "BossAI.Losses.ValueLoss.mean": {
            "value": 5.102573006947835,
            "min": 4.272882498105366,
            "max": 69.92706077893575,
            "count": 7
        },
        "BossAI.Losses.ValueLoss.sum": {
            "value": 25.512865034739175,
            "min": 21.36441249052683,
            "max": 279.708243115743,
            "count": 7
        },
        "BossAI.Policy.LearningRate.mean": {
            "value": 0.00025063816645394993,
            "min": 0.00025063816645394993,
            "max": 0.00029613870128709994,
            "count": 7
        },
        "BossAI.Policy.LearningRate.sum": {
            "value": 0.0012531908322697496,
            "min": 0.0011845548051483998,
            "max": 0.0014459322180226,
            "count": 7
        },
        "BossAI.Policy.Epsilon.mean": {
            "value": 0.18354605000000007,
            "min": 0.18354605000000007,
            "max": 0.19871290000000003,
            "count": 7
        },
        "BossAI.Policy.Epsilon.sum": {
            "value": 0.9177302500000003,
            "min": 0.7948516000000001,
            "max": 0.9819774000000001,