{
    "name": "root",
    "gauges": {
        "BossAI.Policy.Entropy.mean": {
            "value": 3.8300116062164307,
            "min": 3.6164658069610596,
            "max": 3.9622137546539307,
            "count": 20
        },
        "BossAI.Policy.Entropy.sum": {
            "value": 191439.296875,
            "min": 180996.875,
            "max": 1170868.25,
            "count": 20
        },
        "BossAI.Step.mean": {
            "value": 999936.0,
            "min": 49984.0,
            "max": 999936.0,
            "count": 20
        },
        "BossAI.Step.sum": {
            "value": 999936.0,
            "min": 49984.0,
            "max": 999936.0,
            "count": 20
        },
        "BossAI.Policy.ExtrinsicValueEstimate.mean": {
            "value": -2.227800130844116,
            "min": -5.911556720733643,
            "max": -2.227800130844116,
            "count": 20
        },
        "BossAI.Policy.ExtrinsicValueEstimate.sum": {
            "value": -1739.9119873046875,
            "min": -4622.83740234375,
            "max": -1739.9119873046875,
            "count": 20
        },
        "BossAI.Losses.PolicyLoss.mean": {
            "value": 0.026100787942220142,
            "min": 0.019944088371072817,
            "max": 0.026100787942220142,
            "count": 20
        },
        "BossAI.Losses.PolicyLoss.sum": {
            "value": 0.13050393971110072,
            "min": 0.0856485622760374,
            "max": 0.13050393971110072,
            "count": 20
        },
        "BossAI.Losses.ValueLoss.mean": {
            "value": 0.10097481712698937,
            "min": 0.07076509813467662,
            "max": 0.4717934494217237,
            "count": 20
        },
        "BossAI.Losses.ValueLoss.sum": {
            "value": 0.5048740856349468,
            "min": 0.3538254906733831,
            "max": 1.8871737976868947,
            "count": 20
        },
        "BossAI.Policy.LearningRate.mean": {
            "value": 0.000153168048944,
            "min": 0.000153168048944,
            "max": 0.00029613600128799994,
            "count": 20
        },
        "BossAI.Policy.LearningRate.sum": {
            "value": 0.00076584024472,
            "min": 0.00076584024472,
            "max": 0.001445904018032,
            "count": 20
        },
        "BossAI.Policy.Epsilon.mean": {
            "value": 0.15105600000000002,
            "min": 0.15105600000000002,
            "max": 0.19871200000000006,
            "count": 20
        },
        "BossAI.Policy.Epsilon.sum": {
            "value": 0.7552800000000002,
            "min": 0.6650175999999999,
            "max": 0.9819680000000002,
            "count": 20
        },
        "BossAI.Policy.Beta.mean": {
            "value": 0.0025576944000000007,
            "min": 0.0025576944000000007,
            "max": 0.004935728800000001,
            "count": 20
        },
        "BossAI.Policy.Beta.sum": {
            "value": 0.012788472000000004,
            "min": 0.012788472000000004,
            "max": 0.024100203199999996,
            "count": 20
        },
        "BossAI.IsTraining.mean": {
            "value": 1.0,
            "min": 1.0,
            "max": 1.0,
            "count": 20
        },
        "BossAI.IsTraining.sum": {
            "value": 1.0,
            "min": 1.0,
            "max": 1.0,
            "count": 20
        },
        "PlayerAI.Policy.Entropy.mean": {
            "value": 1.921739935874939,
            "min": 1.921110987663269,
            "max": 2.788296699523926,
            "count": 17
        },
        "PlayerAI.Policy.Entropy.sum": {
            "value": 96179.2421875,
            "min": 96147.765625,
            "max": 834450.875,
            "count": 17
        },
        "PlayerAI.Step.mean": {
            "value": 849984.0,
            "min": 49984.0,
            "max": 849984.0,
            "count": 17
        },
        "PlayerAI.Step.sum": {
            "value": 849984.0,
            "min": 49984.0,
            "max": 849984.0,
            "count": 17
        },
        "PlayerAI.Policy.ExtrinsicValueEstimate.mean": {
            "value": -0.10246337205171585,
            "min": -0.9251746535301208,
            "max": -0.10246337205171585,
            "count": 17
        },
        "PlayerAI.Policy.ExtrinsicValueEstimate.sum": {
            "value": -80.12635803222656,
            "min": -722.5614013671875,
            "max": -80.12635803222656,
            "count": 17
        },
        "PlayerAI.Losses.PolicyLoss.mean": {
            "value": 0.01800489709324514,
            "min": 0.01392529730995496,
            "max": 0.019433309320205202,
            "count": 17
        },
        "PlayerAI.Losses.PolicyLoss.sum": {
            "value": 0.05401469127973542,
            "min": 0.02785059461990992,
            "max": 0.055588095163693646,
            "count": 17
        },
        "PlayerAI.Losses.ValueLoss.mean": {
            "value": 0.0003123069065622985,
            "min": 0.0003123069065622985,
            "max": 1.0285304771270602,
            "count": 17
        },
        "PlayerAI.Losses.ValueLoss.sum": {
            "value": 0.0009369207196868956,
            "min": 0.0008100556199982141,
            "max": 2.0570609542541205,
            "count": 17
        },
        "PlayerAI.Policy.LearningRate.mean": {
            "value": 0.00017673604108799998,
            "min": 0.00017673604108799998,
            "max": 0.0002953776015408,
            "count": 17
        },
        "PlayerAI.Policy.LearningRate.sum": {
            "value": 0.0005302081232639999,
            "min": 0.00036888007703999995,
            "max": 0.0008445312184896,
            "count": 17
        },
        "PlayerAI.Policy.Epsilon.mean": {
            "value": 0.158912,
            "min": 0.158912,
            "max": 0.1984592,
            "count": 17
        },
        "PlayerAI.Policy.Epsilon.sum": {
            "value": 0.476736,
            "min": 0.32296,
            "max": 0.5815104,
            "count": 17
        },
        "PlayerAI.Policy.Beta.mean": {
            "value": 0.0029497088000000004,
            "min": 0.0029497088000000004,
            "max": 0.00492311408,
            "count": 17
        },
        "PlayerAI.Policy.Beta.sum": {
            "value": 0.0088491264,
            "min": 0.006155704000000001,
            "max": 0.01407736896,
            "count": 17
        },
        "PlayerAI.IsTraining.mean": {
            "value": 1.0,
            "min": 1.0,
            "max": 1.0,
            "count": 17
        },
        "PlayerAI.IsTraining.sum": {
            "value": 1.0,
            "min": 1.0,
            "max": 1.0,
            "count": 17
        }
    },
    "metadata": {
        "timer_format_version": "0.1.0",
        "start_time_seconds": "1770649801",
        "python_version": "3.10.12 | packaged by Anaconda, Inc. | (main, Jul  5 2023, 19:01:18) [MSC v.1916 64 bit (AMD64)]",
        "command_line_arguments": "C:\\Users\\PiLabStudent\\miniconda3\\envs\\mlagents\\Scripts\\mlagents-learn .\\config\\PPO\\BossEnemyConfig.yaml --torch-device cuda:0 --run-id=Boss01 --force",
        "mlagents_version": "1.2.0.dev0",
        "mlagents_envs_version": "1.2.0.dev0",
        "communication_protocol_version": "1.5.0",
        "pytorch_version": "2.2.2+cu121",
        "numpy_version": "1.23.5",
        "end_time_seconds": "1770685586"
    },
    "total": 35784.43401519995,
    "count": 1,
    "self": 0.009695099899545312,
    "children": {
        "run_training.setup": {
            "total": 0.06346750003285706,
            "count": 1,
            "self": 0.06346750003285706
        },
        "TrainerController.start_learning": {
            "total": 35784.36085260002,
            "count": 1,
            "self": 28.011624688864686,
            "children": {
                "TrainerController._reset_env": {
                    "total": 9.660375599982217,
                    "count": 8,