{
    "name": "root",
    "metadata": {
        "timer_format_version": "0.1.0",
        "start_time_seconds": "1770740971",
        "python_version": "3.10.12 | packaged by Anaconda, Inc. | (main, Jul  5 2023, 19:01:18) [MSC v.1916 64 bit (AMD64)]",
        "command_line_arguments": "C:\\Users\\PiLabStudent\\miniconda3\\envs\\mlagents\\Scripts\\mlagents-learn .\\config\\PPO\\BossEnemyConfig.yaml --run-id=Boss01 --resume",
        "mlagents_version": "1.2.0.dev0",
        "mlagents_envs_version": "1.2.0.dev0",
        "communication_protocol_version": "1.5.0",
        "pytorch_version": "2.2.2+cu121",
        "numpy_version": "1.23.5",
        "end_time_seconds": "1770741124"
    },
    "total": 152.34696190000977,
    "count": 1,
    "self": 0.008728900051210076,
    "children": {
        "run_training.setup": {
            "total": 0.07491749996552244,
            "count": 1,
            "self": 0.07491749996552244
        },
        "TrainerController.start_learning": {
            "total": 152.26331549999304,
            "count": 1,
            "self": 0.062960299779661,
            "children": {
                "TrainerController._reset_env": {
                    "total": 20.860839999979362,
                    "count": 2,
                    "self": 20.860839999979362
                },
                "TrainerController.advance": {
                    "total": 131.121729300241,
                    "count": 4284,
                    "self": 0.07200689701130614,
                    "children": {
                        "env_step": {
                            "total": 130.52305710257497,
                            "count": 4284,
                            "self": 101.77022000361467,
                            "children": {
                                "SubprocessEnvManager._take_step": {
                                    "total": 28.715064699121285,
                                    "count": 4284,
                                    "self": 0.30597029853379354,
                                    "children": {
                                        "TorchPolicy.evaluate": {
                                            "total": 28.40909440058749,
                                            "count": 8568,
                                            "self": 28.40909440058749
                                        }
                                    }
                                },
                                "workers": {
                                    "total": 0.037772399839013815,
                                    "count": 4283,
                                    "self": 0.0,
                                    "children": {
                                        "worker_root": {
                                            "total": 70.31811379961437,
                                            "count": 4283,
                                            "is_parallel": true,
                                            "self": 33.94196470081806,
                                            "children": {
                                                "steps_from_proto": {
                                                    "total": 0.0008265000069513917,
                                                    "count": 4,
                                                    "is_parallel": true,
                                                    "self": 0.0004159001400694251,
                                                    "children": {
                                                        "_process_rank_one_or_two_observation": {
                                                            "total": 0.0004105998668819666,
                                                            "count": 24,
                                                            "is_parallel": true,
                                                            "self": 0.0004105998668819666
                                                        }
                                                    }
                                                },
                                                "UnityEnvironment.step": {
                                                    "total": 36.37532259878935,
                                                    "count": 4283,
                                                    "is_parallel": true,
                                                    "self": 0.31461719621438533,
                                                    "children": {
                                                        "UnityEnvironment._generate_step_input": {
                                                            "total": 0.2642279992578551,
                                                            "count": 4283,
                                                            "is_parallel": true,
                                                            "self": 0.2642279992578551
                                                        },
                                                        "communicator.exchange": {
                                                            "total": 34.194549802457914,
                                                            "count": 4283,
                                                            "is_parallel": true,
                                                            "self": 34.194549802457914
                                                        },
                                                        "steps_from_proto": {
                                                            "total": 1.6019276008591987,
                                                            "count": 8566,
                                                            "is_parallel": true,
                                                            "self": 0.8049180058878846,
                                                            "children": {
                                                                "_process_rank_one_or_two_observation": {
                                                                    "total": 0.7970095949713141,
                                                                    "count": 51396,
                                                                    "is_parallel": true,
                                                                    "self": 0.7970095949713141
                                                                }
                                                            }
                                                        }
                                                    }
                                                }
                                            }
                                        }
                                    }
                                }
                            }
                        },
                        "trainer_advance": {
                            "total": 0.5266653006547131,
                            "count": 8566,
                            "self": 0.22383419814286754,
                            "children": {
                                "process_trajectory": {
                                    "total": 0.30283110251184553,
                                    "count": 8566,
                                    "self": 0.30283110251184553
                                }
                            }
                        }
                    }
                },
                "TrainerController._save_models": {
                    "total": 0.21778589999303222,
                    "count": 1,
                    "self": 0.02076629997463897,
                    "children": {
                        "RLTrainer._checkpoint": {
                            "total": 0.19701960001839325,
                            "count": 2,