{
    "name": "root",
    "metadata": {
        "timer_format_version": "0.1.0",
        "start_time_seconds": "1773496918",
        "python_version": "3.10.12 | packaged by Anaconda, Inc. | (main, Jul  5 2023, 19:01:18) [MSC v.1916 64 bit (AMD64)]",
        "command_line_arguments": "C:\\Users\\PiLabStudent\\miniconda3\\envs\\mlagents\\Scripts\\mlagents-learn .\\config\\PPO\\BossEnemyConfig.yaml --run-id=Boss08 --resume --time-scale=1",
        "mlagents_version": "1.2.0.dev0",
        "mlagents_envs_version": "1.2.0.dev0",
        "communication_protocol_version": "1.5.0",
        "pytorch_version": "2.2.2+cu121",
        "numpy_version": "1.23.5",
        "end_time_seconds": "1773497100"
    },
    "total": 182.59445199999027,
    "count": 1,
    "self": 0.00955360010266304,
    "children": {
        "run_training.setup": {
            "total": 0.06909299991093576,
            "count": 1,
            "self": 0.06909299991093576
        },
        "TrainerController.start_learning": {
            "total": 182.51580539997667,
            "count": 1,
            "self": 0.012931299628689885,
            "children": {
                "TrainerController._reset_env": {
                    "total": 7.754246799973771,
                    "count": 2,
                    "self": 7.754246799973771
                },
                "TrainerController.advance": {
                    "total": 174.45182860037312,
                    "count": 782,
                    "self": 0.014829898253083229,
                    "children": {
                        "env_step": {
                            "total": 174.30199580080807,
                            "count": 782,
                            "self": 166.86170690343715,
                            "children": {
                                "SubprocessEnvManager._take_step": {
                                    "total": 7.4325174991972744,
                                    "count": 783,
                                    "self": 0.0677083998452872,
                                    "children": {
                                        "TorchPolicy.evaluate": {
                                            "total": 7.364809099351987,
                                            "count": 1543,
                                            "self": 7.364809099351987
                                        }
                                    }
                                },
                                "workers": {
                                    "total": 0.007771398173645139,
                                    "count": 781,
                                    "self": 0.0,
                                    "children": {
                                        "worker_root": {
                                            "total": 60.937737594591454,
                                            "count": 781,
                                            "is_parallel": true,
                                            "self": 9.373562295455486,
                                            "children": {
                                                "steps_from_proto": {
                                                    "total": 0.0017854997422546148,
                                                    "count": 6,
                                                    "is_parallel": true,
                                                    "self": 0.0008927998133003712,
                                                    "children": {
                                                        "_process_rank_one_or_two_observation": {
                                                            "total": 0.0008926999289542437,
                                                            "count": 36,
                                                            "is_parallel": true,
                                                            "self": 0.0008926999289542437
                                                        }
                                                    }
                                                },
                                                "UnityEnvironment.step": {
                                                    "total": 51.56238979939371,
                                                    "count": 781,
                                                    "is_parallel": true,
                                                    "self": 0.06718019838444889,
                                                    "children": {
                                                        "UnityEnvironment._generate_step_input": {
                                                            "total": 0.05349799827672541,
                                                            "count": 781,
                                                            "is_parallel": true,
                                                            "self": 0.05349799827672541
                                                        },
                                                        "communicator.exchange": {
                                                            "total": 51.11490280088037,
                                                            "count": 781,
                                                            "is_parallel": true,
                                                            "self": 51.11490280088037
                                                        },
                                                        "steps_from_proto": {
                                                            "total": 0.32680880185216665,
                                                            "count": 1562,
                                                            "is_parallel": true,
                                                            "self": 0.16791909909807146,
                                                            "children": {
                                                                "_process_rank_one_or_two_observation": {
                                                                    "total": 0.1588897027540952,
                                                                    "count": 9372,
                                                                    "is_parallel": true,
                                                                    "self": 0.1588897027540952
                                                                }
                                                            }
                                                        }
                                                    }
                                                }
                                            }
                                        }
                                    }
                                }
                            }
                        },
                        "trainer_advance": {
                            "total": 0.1350029013119638,
                            "count": 1562,
                            "self": 0.0451546972617507,
                            "children": {
                                "process_trajectory": {
                                    "total": 0.0898482040502131,
                                    "count": 1562,
                                    "self": 0.0898482040502131
                                }
                            }
                        }
                    }
                },
                "TrainerController._save_models": {
                    "total": 0.29679870000109076,
                    "count": 1,
                    "self": 0.0009457999840378761,
                    "children": {
                        "RLTrainer._checkpoint": {
                            "total": 0.2958529000170529,
                            "count": 2,