{
    "name": "root",
    "metadata": {
        "timer_format_version": "0.1.0",
        "start_time_seconds": "1772780732",
        "python_version": "3.10.12 | packaged by Anaconda, Inc. | (main, Jul  5 2023, 19:01:18) [MSC v.1916 64 bit (AMD64)]",
        "command_line_arguments": "C:\\Users\\PiLabStudent\\miniconda3\\envs\\mlagents\\Scripts\\mlagents-learn .\\config\\PPO\\BossEnemyConfig.yaml --run-id=Boss04 --resume",
        "mlagents_version": "1.2.0.dev0",
        "mlagents_envs_version": "1.2.0.dev0",
        "communication_protocol_version": "1.5.0",
        "pytorch_version": "2.2.2+cu121",
        "numpy_version": "1.23.5",
        "end_time_seconds": "1772780949"
    },
    "total": 216.967737900035,
    "count": 1,
    "self": 0.017987600062042475,
    "children": {
        "run_training.setup": {
            "total": 0.08160059998044744,
            "count": 1,
            "self": 0.08160059998044744
        },
        "TrainerController.start_learning": {
            "total": 216.8681496999925,
            "count": 1,
            "self": 0.21639350178884342,
            "children": {
                "TrainerController._reset_env": {
                    "total": 12.180123500002082,
                    "count": 2,
                    "self": 12.180123500002082
                },
                "TrainerController.advance": {
                    "total": 204.20103139820276,
                    "count": 14742,
                    "self": 0.24342679092660546,
                    "children": {
                        "env_step": {
                            "total": 200.2612661027233,
                            "count": 14742,
                            "self": 103.31983240012778,
                            "children": {
                                "SubprocessEnvManager._take_step": {
                                    "total": 96.81200070428895,
                                    "count": 14742,
                                    "self": 1.0392651029396802,
                                    "children": {
                                        "TorchPolicy.evaluate": {
                                            "total": 95.77273560134927,
                                            "count": 29467,
                                            "self": 95.77273560134927
                                        }
                                    }
                                },
                                "workers": {
                                    "total": 0.1294329983065836,
                                    "count": 14741,
                                    "self": 0.0,
                                    "children": {
                                        "worker_root": {
                                            "total": 205.4447880035732,
                                            "count": 14741,
                                            "is_parallel": true,
                                            "self": 113.62941960431635,
                                            "children": {
                                                "steps_from_proto": {
                                                    "total": 0.0016005999641492963,
                                                    "count": 4,
                                                    "is_parallel": true,
                                                    "self": 0.0007865001098252833,
                                                    "children": {
                                                        "_process_rank_one_or_two_observation": {
                                                            "total": 0.000814099854324013,
                                                            "count": 24,
                                                            "is_parallel": true,
                                                            "self": 0.000814099854324013
                                                        }
                                                    }
                                                },
                                                "UnityEnvironment.step": {
                                                    "total": 91.81376779929269,
                                                    "count": 14741,
                                                    "is_parallel": true,
                                                    "self": 1.020994997699745,
                                                    "children": {
                                                        "UnityEnvironment._generate_step_input": {
                                                            "total": 0.7892786004813388,
                                                            "count": 14741,
                                                            "is_parallel": true,
                                                            "self": 0.7892786004813388
                                                        },
                                                        "communicator.exchange": {
                                                            "total": 84.78613959485665,
                                                            "count": 14741,
                                                            "is_parallel": true,
                                                            "self": 84.78613959485665
                                                        },
                                                        "steps_from_proto": {
                                                            "total": 5.217354606254958,
                                                            "count": 29482,
                                                            "is_parallel": true,
                                                            "self": 2.685966798919253,
                                                            "children": {
                                                                "_process_rank_one_or_two_observation": {
                                                                    "total": 2.5313878073357046,
                                                                    "count": 176892,
                                                                    "is_parallel": true,
                                                                    "self": 2.5313878073357046
                                                                }
                                                            }
                                                        }
                                                    }
                                                }
                                            }
                                        }
                                    }
                                }
                            }
                        },
                        "trainer_advance": {
                            "total": 3.696338504552841,
                            "count": 29482,
                            "self": 0.7475519014406018,
                            "children": {
                                "process_trajectory": {
                                    "total": 1.153040303150192,
                                    "count": 29482,
                                    "self": 1.153040303150192
                                },
                                "_update_policy": {
                                    "total": 1.7957462999620475,
                                    "count": 1,
                                    "self": 1.1817708999151364,
                                    "children": {
                                        "TorchPPOOptimizer.update": {
                                            "total": 0.6139754000469111,
                                            "count": 30,