{
    "name": "root",
    "gauges": {
        "BossAI.Policy.Entropy.mean": {
            "value": 2.284832000732422,
            "min": 2.2564609050750732,
            "max": 2.7089955806732178,
            "count": 60
        },
        "BossAI.Policy.Entropy.sum": {
            "value": 114353.5546875,
            "min": 112836.5859375,
            "max": 753484.375,
            "count": 60
        },
        "BossAI.Step.mean": {
            "value": 2999985.0,
            "min": 49956.0,
            "max": 2999985.0,
            "count": 60
        },
        "BossAI.Step.sum": {
            "value": 2999985.0,
            "min": 49956.0,
            "max": 2999985.0,
            "count": 60
        },
        "BossAI.Policy.ExtrinsicValueEstimate.mean": {
            "value": 15.214763641357422,
            "min": -1.3818676471710205,
            "max": 17.6270751953125,
            "count": 60
        },
        "BossAI.Policy.ExtrinsicValueEstimate.sum": {
            "value": 15503.84375,
            "min": -1667.914306640625,
            "max": 16622.33203125,
            "count": 60
        },
        "BossAI.Environment.EpisodeLength.mean": {
            "value": 166.09060402684563,
            "min": 103.81512605042016,
            "max": 249.33165829145727,
            "count": 60
        },
        "BossAI.Environment.EpisodeLength.sum": {
            "value": 49495.0,
            "min": 49154.0,
            "max": 301684.0,
            "count": 60
        },
        "BossAI.Self-play.ELO.mean": {
            "value": 1196.6316823796108,
            "min": 1169.5289849572343,
            "max": 1315.3977080785237,
            "count": 60
        },
        "BossAI.Self-play.ELO.sum": {
            "value": 356596.241349124,
            "min": 256342.40989699255,
            "max": 561097.7123121675,
            "count": 60
        },
        "BossAI.Environment.CumulativeReward.mean": {
            "value": 34.92100542492308,
            "min": -8.16813625188783,
            "max": 54.63649028537776,
            "count": 60
        },
        "BossAI.Environment.CumulativeReward.sum": {
            "value": 10406.459616627079,
            "min": -3888.0328558986075,
            "max": 11664.406957426574,
            "count": 60
        },
        "BossAI.Policy.ExtrinsicReward.mean": {
            "value": 34.92100542492308,
            "min": -8.16813625188783,
            "max": 54.63649028537776,
            "count": 60
        },
        "BossAI.Policy.ExtrinsicReward.sum": {
            "value": 10406.459616627079,
            "min": -3888.0328558986075,
            "max": 11664.406957426574,
            "count": 60
        },
        "BossAI.Losses.PolicyLoss.mean": {
            "value": 0.023541941430109244,
            "min": 0.019940942875497667,
            "max": 0.027138863851238666,
            "count": 60
        },
        "BossAI.Losses.PolicyLoss.sum": {
            "value": 0.11770970715054621,
            "min": 0.08241130998067092,
            "max": 0.13569431925619332,
            "count": 60
        },
        "BossAI.Losses.ValueLoss.mean": {
            "value": 3.121987260977427,
            "min": 1.9733080903689069,
            "max": 5.534442168474198,
            "count": 60
        },
        "BossAI.Losses.ValueLoss.sum": {
            "value": 15.609936304887135,
            "min": 7.8932323614756275,
            "max": 23.670019793510434,
            "count": 60
        },
        "BossAI.Policy.LearningRate.mean": {
            "value": 2.1039392987199987e-06,
            "min": 2.1039392987199987e-06,
            "max": 0.00029742932585689164,
            "count": 60
        },
        "BossAI.Policy.LearningRate.sum": {
            "value": 1.0519696493599993e-05,
            "min": 1.0519696493599993e-05,
            "max": 0.0014640444119852,
            "count": 60
        },
        "BossAI.Policy.Epsilon.mean": {
            "value": 0.10070128,
            "min": 0.10070128,
            "max": 0.19914310833333332,
            "count": 60
        },
        "BossAI.Policy.Epsilon.sum": {
            "value": 0.5035064,
            "min": 0.45006386666666665,
            "max": 0.9880148000000002,
            "count": 60
        },
        "BossAI.Policy.Beta.mean": {
            "value": 4.4993871999999986e-05,
            "min": 4.4993871999999986e-05,
            "max": 0.0049572411058333345,
            "count": 60
        },
        "BossAI.Policy.Beta.sum": {
            "value": 0.00022496935999999994,
            "min": 0.00022496935999999994,
            "max": 0.024401938520000003,
            "count": 60
        },
        "BossAI.IsTraining.mean": {
            "value": 1.0,
            "min": 1.0,
            "max": 1.0,
            "count": 60
        },
        "BossAI.IsTraining.sum": {
            "value": 1.0,
            "min": 1.0,
            "max": 1.0,
            "count": 60
        },
        "PlayerAI.Policy.Entropy.mean": {
            "value": 2.584336757659912,
            "min": 2.237081527709961,
            "max": 2.7732276916503906,
            "count": 60
        },
        "PlayerAI.Policy.Entropy.sum": {
            "value": 129157.3984375,
            "min": 111833.9453125,
            "max": 821573.0625,
            "count": 60
        },
        "PlayerAI.Environment.EpisodeLength.mean": {
            "value": 190.72586872586874,
            "min": 123.49752475247524,
            "max": 509.77777777777777,
            "count": 60
        },
        "PlayerAI.Environment.EpisodeLength.sum": {
            "value": 49398.0,
            "min": 49084.0,
            "max": 296715.0,
            "count": 60
        },
        "PlayerAI.Step.mean": {
            "value": 2999954.0,
            "min": 49977.0,
            "max": 2999954.0,
            "count": 60
        },
        "PlayerAI.Step.sum": {
            "value": 2999954.0,
            "min": 49977.0,
            "max": 2999954.0,
            "count": 60
        },
        "PlayerAI.Policy.ExtrinsicValueEstimate.mean": {
            "value": -0.18086422979831696,
            "min": -2.6435227394104004,
            "max": -0.12977750599384308,
            "count": 60
        },
        "PlayerAI.Policy.ExtrinsicValueEstimate.sum": {
            "value": -180.14077758789062,
            "min": -2902.587890625,
            "max": -117.57841491699219,
            "count": 60
        },
        "PlayerAI.Self-play.ELO.mean": {
            "value": 1054.2446273903204,
            "min": 994.1004407000075,
            "max": 1155.7613092407175,
            "count": 60
        },
        "PlayerAI.Self-play.ELO.sum": {
            "value": 273049.358494093,
            "min": 104739.14372639428,
            "max": 462062.04525135533,
            "count": 60
        },
        "PlayerAI.Environment.CumulativeReward.mean": {
            "value": -0.3478011202896877,
            "min": -1.8283368980698287,
            "max": -0.1732436386156034,
            "count": 60
        },
        "PlayerAI.Environment.CumulativeReward.sum": {
            "value": -90.08049015502911,
            "min": -214.1973548834212,
            "max": -69.99043000070378,
            "count": 60
        },
        "PlayerAI.Policy.ExtrinsicReward.mean": {
            "value": -0.3478011202896877,
            "min": -1.8283368980698287,
            "max": -0.1732436386156034,
            "count": 60
        },
        "PlayerAI.Policy.ExtrinsicReward.sum": {
            "value": -90.08049015502911,
            "min": -214.1973548834212,
            "max": -69.99043000070378,
            "count": 60
        },
        "PlayerAI.Losses.PolicyLoss.mean": {
            "value": 0.016397623218492502,
            "min": 0.013122050190334751,
            "max": 0.020342770533170552,
            "count": 60
        },
        "PlayerAI.Losses.PolicyLoss.sum": {
            "value": 0.049192869655477506,