{
    "name": "root",
    "gauges": {
        "BossAI.Policy.Entropy.mean": {
            "value": 2.1729509830474854,
            "min": 1.865390658378601,
            "max": 2.2342610359191895,
            "count": 45
        },
        "BossAI.Policy.Entropy.sum": {
            "value": 108682.3125,
            "min": 71405.2890625,
            "max": 662546.4375,
            "count": 45
        },
        "BossAI.Step.mean": {
            "value": 5599999.0,
            "min": 3399941.0,
            "max": 5599999.0,
            "count": 45
        },
        "BossAI.Step.sum": {
            "value": 5599999.0,
            "min": 3399941.0,
            "max": 5599999.0,
            "count": 45
        },
        "BossAI.Policy.ExtrinsicValueEstimate.mean": {
            "value": -7.733182907104492,
            "min": -19.062314987182617,
            "max": 48.86109924316406,
            "count": 45
        },
        "BossAI.Policy.ExtrinsicValueEstimate.sum": {
            "value": -6519.0732421875,
            "min": -15116.4150390625,
            "max": 30049.576171875,
            "count": 45
        },
        "BossAI.Environment.EpisodeLength.mean": {
            "value": 516.6666666666666,
            "min": 498.4117647058824,
            "max": 3518.5,
            "count": 45
        },
        "BossAI.Environment.EpisodeLength.sum": {
            "value": 49600.0,
            "min": 35372.0,
            "max": 301714.0,
            "count": 45
        },
        "BossAI.Self-play.ELO.mean": {
            "value": 1212.56238390444,
            "min": 1212.56238390444,
            "max": 1312.8947282793297,
            "count": 45
        },
        "BossAI.Self-play.ELO.sum": {
            "value": 116405.98885482622,
            "min": 18282.439682128075,
            "max": 130241.04083593658,
            "count": 45
        },
        "BossAI.Environment.CumulativeReward.mean": {
            "value": -50.25076592961947,
            "min": -1894.8781575816017,
            "max": -47.17988095604456,
            "count": 45
        },
        "BossAI.Environment.CumulativeReward.sum": {
            "value": -4824.073529243469,
            "min": -26528.294206142426,
            "max": -4824.073529243469,
            "count": 45
        },
        "BossAI.Policy.ExtrinsicReward.mean": {
            "value": -50.25076592961947,
            "min": -1894.8781575816017,
            "max": -47.17988095604456,
            "count": 45
        },
        "BossAI.Policy.ExtrinsicReward.sum": {
            "value": -4824.073529243469,
            "min": -26528.294206142426,
            "max": -4824.073529243469,
            "count": 45
        },
        "BossAI.Losses.PolicyLoss.mean": {
            "value": 0.021554679646123984,
            "min": 0.02052227544983888,
            "max": 0.02608188845217228,
            "count": 45
        },
        "BossAI.Losses.PolicyLoss.sum": {
            "value": 0.08621871858449594,
            "min": 0.06943417767373224,
            "max": 0.1304094422608614,
            "count": 45
        },
        "BossAI.Losses.ValueLoss.mean": {
            "value": 3.1325839797655743,
            "min": 2.9070153522491453,
            "max": 103.82498991224502,
            "count": 45
        },
        "BossAI.Losses.ValueLoss.sum": {
            "value": 12.530335919062297,
            "min": 12.530335919062297,
            "max": 311.47496973673503,
            "count": 45
        },
        "BossAI.Policy.LearningRate.mean": {
            "value": 0.0002163664553778575,
            "min": 0.0002163664553778575,
            "max": 0.0002492663869112099,
            "count": 45
        },
        "BossAI.Policy.LearningRate.sum": {
            "value": 0.00086546582151143,
            "min": 0.0007477991607336297,
            "max": 0.001243249300583595,
            "count": 45
        },
        "BossAI.Policy.Epsilon.mean": {
            "value": 0.1721221425,
            "min": 0.1721221425,
            "max": 0.18308879,
            "count": 45
        },
        "BossAI.Policy.Epsilon.sum": {
            "value": 0.68848857,
            "min": 0.54926637,
            "max": 0.9144164049999999,
            "count": 45
        },
        "BossAI.Policy.Beta.mean": {
            "value": 0.0036088949107500002,
            "min": 0.0036088949107500002,
            "max": 0.004156130621,
            "count": 45
        },
        "BossAI.Policy.Beta.sum": {
            "value": 0.014435579643000001,
            "min": 0.012468391863,
            "max": 0.0207293786095,
            "count": 45
        },
        "BossAI.IsTraining.mean": {
            "value": 1.0,
            "min": 1.0,
            "max": 1.0,
            "count": 45
        },
        "BossAI.IsTraining.sum": {
            "value": 1.0,
            "min": 1.0,
            "max": 1.0,
            "count": 45
        },
        "PlayerAI.Policy.Entropy.mean": {
            "value": 2.3573129177093506,
            "min": 2.223651170730591,
            "max": 2.362428665161133,
            "count": 41
        },
        "PlayerAI.Policy.Entropy.sum": {
            "value": 704596.125,
            "min": 111442.2265625,
            "max": 704596.125,
            "count": 41
        },
        "PlayerAI.Environment.EpisodeLength.mean": {
            "value": 1037.334494773519,
            "min": 1037.334494773519,
            "max": 3133.9277108433735,
            "count": 41
        },
        "PlayerAI.Environment.EpisodeLength.sum": {
            "value": 297715.0,
            "min": 32279.0,
            "max": 299039.0,
            "count": 41
        },
        "PlayerAI.Step.mean": {
            "value": 5299998.0,
            "min": 3299964.0,
            "max": 5299998.0,
            "count": 41
        },
        "PlayerAI.Step.sum": {
            "value": 5299998.0,
            "min": 3299964.0,
            "max": 5299998.0,
            "count": 41
        },
        "PlayerAI.Policy.ExtrinsicValueEstimate.mean": {
            "value": -0.170891672372818,
            "min": -0.20050324499607086,
            "max": -0.006443378981202841,
            "count": 41
        },
        "PlayerAI.Policy.ExtrinsicValueEstimate.sum": {
            "value": -137.90957641601562,
            "min": -160.6031036376953,
            "max": -1.423986792564392,
            "count": 41
        },
        "PlayerAI.Self-play.ELO.mean": {
            "value": 927.5944271825055,
            "min": 927.5944271825055,
            "max": 1070.6706087715586,
            "count": 41
        },
        "PlayerAI.Self-play.ELO.sum": {
            "value": 47307.31578630778,
            "min": 6424.023652629352,
            "max": 47307.31578630778,
            "count": 41
        },
        "PlayerAI.Environment.CumulativeReward.mean": {
            "value": -1.8403921394663698,
            "min": -1.990950263893375,
            "max": -1.6294036905926008,
            "count": 41
        },
        "PlayerAI.Environment.CumulativeReward.sum": {
            "value": -93.85999911278486,
            "min": -93.85999911278486,
            "max": -9.868495229631662,
            "count": 41
        },
        "PlayerAI.Policy.ExtrinsicReward.mean": {
            "value": -1.8403921394663698,
            "min": -1.990950263893375,
            "max": -1.6294036905926008,
            "count": 41
        },
        "PlayerAI.Policy.ExtrinsicReward.sum": {
            "value": -93.85999911278486,
            "min": -93.85999911278486,
            "max": -9.868495229631662,
            "count": 41
        },
        "PlayerAI.IsTraining.mean": {
            "value": 1.0,
            "min": 1.0,
            "max": 1.0,
            "count": 41
        },
        "PlayerAI.IsTraining.sum": {
            "value": 1.0,
            "min": 1.0,
            "max": 1.0,
            "count": 41
        },