{"count":1,"self":25399.959552,"total":88841.8714598,"children":{"InitializeActuators":{"count":5556,"self":0.0448612,"total":0.0448612,"children":null},"InitializeSensors":{"count":5556,"self":0.0634261,"total":0.0634261,"children":null},"AgentSendState":{"count":24753359,"self":820.81126399999994,"total":996.799684,"children":{"CollectObservations":{"count":9886870,"self":24.700111999999997,"total":24.7001118,"children":null},"WriteActionMask":{"count":9886870,"self":9.0388816,"total":9.0388816,"children":null},"RequestDecision":{"count":9886870,"self":25.5443376,"total":142.2494313,"children":{"AgentInfo.ToProto":{"count":9886870,"self":26.6425056,"total":116.70509419999999,"children":{"GenerateSensorData":{"count":9886870,"self":82.27688959999999,"total":90.0625888,"children":{"RayPerceptionSensor.Perceive":{"count":9886870,"self":7.7856992,"total":7.7856996,"children":null}}}}}}}}},"DecideAction":{"count":24753359,"self":60308.796211199995,"total":60308.798511199995,"children":null},"AgentAct":{"count":24753359,"self":2136.097792,"total":2136.0977617999997,"children":null},"AgentInfo.ToProto":{"count":8331,"self":0.029305099999999997,"total":0.108205,"children":{"GenerateSensorData":{"count":8331,"self":0.0740419,"total":0.0788999,"children":{"RayPerceptionSensor.Perceive":{"count":8331,"self":0.0048579999999999995,"total":0.0048579999999999995,"children":null}}}}}},"gauges":{"PlayerAI.CumulativeReward":{"count":2777,"max":-1.64425969,"min":-3.447989,"runningAverage":-2.28897858,"value":-2.294292,"weightedAverage":-2.29732323},"BossAI.CumulativeReward":{"count":2777,"max":-33.48486,"min":-1353.83057,"runningAverage":-275.839539,"value":-242.420135,"weightedAverage":-594.7017}},"metadata":{"timer_format_version":"0.1.0","start_time_seconds":"1773811856","unity_version":"6000.3.0f1","command_line_arguments":"D:\\6000.3.0f1\\Editor\\Unity.exe -projectpath D:\\SeniorProject -acceptSoftwareTermsForThisRunOnly -useHub -hubIPC -cloudEnvironment production","communication_protocol_version":"1.5.0","com.unity.ml-agents_version":"4.0.0","scene_name":"ABTestB","end_time_seconds":"1773900698"}}