{"count":1,"self":229.21966079999999,"total":231.9999636,"children":{"InitializeActuators":{"count":16,"self":0.0026049999999999997,"total":0.0026049999999999997,"children":null},"InitializeSensors":{"count":16,"self":0.0021041,"total":0.0021041,"children":null},"AgentSendState":{"count":11330,"self":0.47480039999999996,"total":0.5357025,"children":{"CollectObservations":{"count":12507,"self":0.0224355,"total":0.0224355,"children":null},"WriteActionMask":{"count":12507,"self":0.0065645,"total":0.0065645,"children":null},"RequestDecision":{"count":12507,"self":0.031902099999999996,"total":0.031902099999999996,"children":null}}},"DecideAction":{"count":11330,"self":1.4678807,"total":1.5688742999999998,"children":{"RayPerceptionSensor.Perceive":{"count":12507,"self":0.10099359999999999,"total":0.10099359999999999,"children":null}}},"AgentAct":{"count":11330,"self":0.6699914,"total":0.6699914,"children":null}},"gauges":{},"metadata":{"timer_format_version":"0.1.0","start_time_seconds":"1755144813","unity_version":"6000.0.44f1","command_line_arguments":"C:\\Program Files\\Unity\\Hub\\Editor\\6000.0.44f1\\Editor\\Unity.exe -projectpath C:\\Unity\\SeniorProject -useHub -hubIPC -cloudEnvironment production","communication_protocol_version":"1.5.0","com.unity.ml-agents_version":"3.0.0","scene_name":"AgentTrainingScene","end_time_seconds":"1755145045"}}