{"count":1,"self":18765.0850816,"total":97703.230990899989,"children":{"InitializeActuators":{"count":70564,"self":0.52181939999999993,"total":0.52181939999999993,"children":null},"InitializeSensors":{"count":70564,"self":0.76515479999999991,"total":0.76515479999999991,"children":null},"AgentSendState":{"count":30135545,"self":875.12637439999992,"total":1091.1997847999999,"children":{"CollectObservations":{"count":12000638,"self":31.1387136,"total":31.138713199999998,"children":null},"WriteActionMask":{"count":12000638,"self":11.4791832,"total":11.4791835,"children":null},"RequestDecision":{"count":12000638,"self":31.8532512,"total":173.4554762,"children":{"AgentInfo.ToProto":{"count":12000638,"self":31.7665376,"total":141.6022261,"children":{"GenerateSensorData":{"count":12000638,"self":100.5455808,"total":109.835687,"children":{"RayPerceptionSensor.Perceive":{"count":12000638,"self":9.2901072,"total":9.2901069,"children":null}}}}}}}}},"DecideAction":{"count":30135545,"self":74503.9593472,"total":74503.959613899991,"children":null},"AgentAct":{"count":30135545,"self":3340.6844928,"total":3340.6845369999996,"children":null},"AgentInfo.ToProto":{"count":90832,"self":0.21959489999999998,"total":1.0063502,"children":{"GenerateSensorData":{"count":90832,"self":0.73998999999999993,"total":0.78675529999999994,"children":{"RayPerceptionSensor.Perceive":{"count":90832,"self":0.046765299999999996,"total":0.046765299999999996,"children":null}}}}}},"gauges":{"PlayerAI.CumulativeReward":{"count":16035,"max":4.85974073,"min":-2.35337949,"runningAverage":-1.17567134,"value":-1.20623851,"weightedAverage":-1.0751158},"BossAI.CumulativeReward":{"count":16035,"max":220.109238,"min":-698.604248,"runningAverage":73.62084,"value":84.93517,"weightedAverage":43.5888519}},"metadata":{"timer_format_version":"0.1.0","start_time_seconds":"1774036406","unity_version":"6000.3.0f1","command_line_arguments":"D:\\6000.3.0f1\\Editor\\Unity.exe -projectpath D:\\SeniorProject -acceptSoftwareTermsForThisRunOnly -useHub -hubIPC -cloudEnvironment production","communication_protocol_version":"1.5.0","com.unity.ml-agents_version":"4.0.0","scene_name":"BossTrainingScene","end_time_seconds":"1774134107"}}