{"count":1,"self":56.346816,"total":258.5263778,"children":{"InitializeActuators":{"count":1304,"self":0.0124353,"total":0.0124353,"children":null},"InitializeSensors":{"count":1304,"self":0.017396599999999998,"total":0.017396599999999998,"children":null},"AgentSendState":{"count":96851,"self":1.4482100999999998,"total":2.1992116,"children":{"CollectObservations":{"count":35379,"self":0.1453981,"total":0.1453981,"children":null},"WriteActionMask":{"count":35379,"self":0.0163754,"total":0.0163754,"children":null},"RequestDecision":{"count":35379,"self":0.10619769999999999,"total":0.589228,"children":{"AgentInfo.ToProto":{"count":35379,"self":0.098254899999999992,"total":0.48303029999999997,"children":{"GenerateSensorData":{"count":35379,"self":0.3560083,"total":0.3847754,"children":{"RayPerceptionSensor.Perceive":{"count":35379,"self":0.0287671,"total":0.0287671,"children":null}}}}}}}}},"DecideAction":{"count":96851,"self":184.4246272,"total":184.424631,"children":null},"AgentAct":{"count":96851,"self":15.497072,"total":15.4970714,"children":null},"AgentInfo.ToProto":{"count":1953,"self":0.0074608999999999995,"total":0.0283204,"children":{"GenerateSensorData":{"count":1953,"self":0.018373999999999998,"total":0.0208595,"children":{"RayPerceptionSensor.Perceive":{"count":1953,"self":0.0024855,"total":0.0024855,"children":null}}}}}},"gauges":{"PlayerAI.CumulativeReward":{"count":651,"max":-0.6000999,"min":-1.08009994,"runningAverage":-0.982788,"value":-1.0101,"weightedAverage":-0.997413039},"BossAI.CumulativeReward":{"count":651,"max":0.5393064,"min":-9.566336,"runningAverage":-1.00979221,"value":-0.176496744,"weightedAverage":-0.36943233}},"metadata":{"timer_format_version":"0.1.0","start_time_seconds":"1772875772","unity_version":"6000.3.0f1","command_line_arguments":"D:\\6000.3.0f1\\Editor\\Unity.exe -projectpath D:\\SeniorProject -acceptSoftwareTermsForThisRunOnly -useHub -hubIPC -cloudEnvironment production","communication_protocol_version":"1.5.0","com.unity.ml-agents_version":"4.0.0","scene_name":"BossTrainingScene","end_time_seconds":"1772876031"}}