{"count":1,"self":10256.3463168,"total":55300.4815588,"children":{"InitializeActuators":{"count":31226,"self":0.32987089999999997,"total":0.32987089999999997,"children":null},"InitializeSensors":{"count":31226,"self":0.4680282,"total":0.4680282,"children":null},"AgentSendState":{"count":13361822,"self":533.55448319999994,"total":646.5180604,"children":{"CollectObservations":{"count":5314296,"self":17.1687264,"total":17.168726799999998,"children":null},"WriteActionMask":{"count":5314296,"self":5.6652651999999994,"total":5.6652653,"children":null},"RequestDecision":{"count":5314296,"self":16.2695232,"total":90.129591699999992,"children":{"AgentInfo.ToProto":{"count":5314296,"self":16.9295792,"total":73.860069,"children":{"GenerateSensorData":{"count":5314296,"self":52.3037152,"total":56.930489599999994,"children":{"RayPerceptionSensor.Perceive":{"count":5314296,"self":4.6267736,"total":4.6267737,"children":null}}}}}}}}},"DecideAction":{"count":13361822,"self":42359.550771199996,"total":42359.5513677,"children":null},"AgentAct":{"count":13361822,"self":2036.7204351999999,"total":2036.7204766,"children":null},"AgentInfo.ToProto":{"count":40962,"self":0.1247452,"total":0.5451916,"children":{"GenerateSensorData":{"count":40962,"self":0.3793804,"total":0.4204464,"children":{"RayPerceptionSensor.Perceive":{"count":40962,"self":0.041066,"total":0.041066,"children":null}}}}}},"gauges":{"PlayerAI.CumulativeReward":{"count":8090,"max":91.570015,"min":-2.33719563,"runningAverage":27.19636,"value":34.6651,"weightedAverage":32.2281227},"BossAI.CumulativeReward":{"count":8090,"max":239.000671,"min":-47.41,"runningAverage":59.59525,"value":106.631607,"weightedAverage":94.14885}},"metadata":{"timer_format_version":"0.1.0","start_time_seconds":"1774490222","unity_version":"6000.3.0f1","command_line_arguments":"C:\\Program Files\\Unity\\Hub\\Editor\\6000.3.0f1\\Editor\\Unity.exe -projectpath C:\\SeniorProject -acceptSoftwareTermsForThisRunOnly -useHub -hubIPC -cloudEnvironment production","communication_protocol_version":"1.5.0","com.unity.ml-agents_version":"4.0.0","scene_name":"BossTrainingScene","end_time_seconds":"1774545522"}}