{"count":1,"self":11797.487616,"total":63577.5242073,"children":{"InitializeActuators":{"count":19954,"self":0.1577661,"total":0.1577661,"children":null},"InitializeSensors":{"count":19954,"self":0.2445636,"total":0.2445636,"children":null},"AgentSendState":{"count":23431475,"self":930.5268224,"total":1073.288712,"children":{"CollectObservations":{"count":7315872,"self":21.3667056,"total":21.3667051,"children":null},"WriteActionMask":{"count":7315872,"self":2.680351,"total":2.680351,"children":null},"RequestDecision":{"count":7315872,"self":23.7197232,"total":118.71481569999999,"children":{"AgentInfo.ToProto":{"count":7315872,"self":17.556976,"total":94.9950928,"children":{"GenerateSensorData":{"count":7315872,"self":70.23616,"total":77.4381171,"children":{"RayPerceptionSensor.Perceive":{"count":7315872,"self":7.2019544,"total":7.2019543,"children":null}}}}}}}}},"DecideAction":{"count":23431475,"self":47473.0889216,"total":47473.0874158,"children":null},"AgentAct":{"count":23431475,"self":3232.8757247999997,"total":3232.875763,"children":null},"AgentInfo.ToProto":{"count":29929,"self":0.087091599999999991,"total":0.381581,"children":{"GenerateSensorData":{"count":29929,"self":0.2713363,"total":0.2944894,"children":{"RayPerceptionSensor.Perceive":{"count":29929,"self":0.0231531,"total":0.0231531,"children":null}}}}}},"gauges":{"PlayerAI.CumulativeReward":{"count":9976,"max":1.12989926,"min":-7.160146,"runningAverage":-1.2021687,"value":0.299899936,"weightedAverage":-0.302115083},"BossAI.CumulativeReward":{"count":9976,"max":2939.30566,"min":0.9812609,"runningAverage":17.85507,"value":1031.71191,"weightedAverage":796.8658}},"metadata":{"timer_format_version":"0.1.0","start_time_seconds":"1772274423","unity_version":"6000.3.0f1","command_line_arguments":"D:\\6000.3.0f1\\Editor\\Unity.exe -projectpath D:\\SeniorProject -acceptSoftwareTermsForThisRunOnly -useHub -hubIPC -cloudEnvironment production","communication_protocol_version":"1.5.0","com.unity.ml-agents_version":"4.0.0","scene_name":"BossTrainingScene","end_time_seconds":"1772338000"}}