{"count":1,"self":5581.5442432,"total":30716.2708958,"children":{"InitializeActuators":{"count":990,"self":0.0114819,"total":0.0114819,"children":null},"InitializeSensors":{"count":990,"self":0.0124517,"total":0.0124517,"children":null},"AgentSendState":{"count":9961587,"self":319.8480128,"total":391.5041945,"children":{"CollectObservations":{"count":3982076,"self":11.5253696,"total":11.525369699999999,"children":null},"WriteActionMask":{"count":3982076,"self":4.1520844,"total":4.1520842999999994,"children":null},"RequestDecision":{"count":3982076,"self":10.6131256,"total":55.978738299999996,"children":{"AgentInfo.ToProto":{"count":3982076,"self":10.4667096,"total":45.365612999999996,"children":{"GenerateSensorData":{"count":3982076,"self":31.7803616,"total":34.8989037,"children":{"RayPerceptionSensor.Perceive":{"count":3982076,"self":3.1185419999999997,"total":3.1185419,"children":null}}}}}}}}},"DecideAction":{"count":9961587,"self":23676.9378304,"total":23676.93838,"children":null},"AgentAct":{"count":9961587,"self":1066.2490112,"total":1066.2490003,"children":null},"AgentInfo.ToProto":{"count":1482,"self":0.0030218,"total":0.010494,"children":{"GenerateSensorData":{"count":1482,"self":0.0064747,"total":0.0074722,"children":{"RayPerceptionSensor.Perceive":{"count":1482,"self":0.0009975,"total":0.0009975,"children":null}}}}}},"gauges":{"PlayerAI.CumulativeReward":{"count":494,"max":-1.79258084,"min":-37.556015,"runningAverage":-5.545415,"value":-2.280066,"weightedAverage":-2.28560448},"BossAI.CumulativeReward":{"count":494,"max":-94.26731,"min":-43648.5469,"runningAverage":-3394.3606,"value":-298.597778,"weightedAverage":-633.1095}},"metadata":{"timer_format_version":"0.1.0","start_time_seconds":"1773996542","unity_version":"6000.3.0f1","command_line_arguments":"D:\\6000.3.0f1\\Editor\\Unity.exe -projectpath D:\\SeniorProject -acceptSoftwareTermsForThisRunOnly -useHub -hubIPC -cloudEnvironment production","communication_protocol_version":"1.5.0","com.unity.ml-agents_version":"4.0.0","scene_name":"BossTrainingScene","end_time_seconds":"1774027258"}}