{"count":1,"self":4782.106624,"total":24871.3584256,"children":{"InitializeActuators":{"count":14530,"self":0.1394839,"total":0.1394839,"children":null},"InitializeSensors":{"count":14530,"self":0.1616728,"total":0.1616728,"children":null},"AgentSendState":{"count":7441953,"self":436.8671232,"total":490.5793409,"children":{"CollectObservations":{"count":2964216,"self":8.2774216,"total":8.2774214999999991,"children":null},"WriteActionMask":{"count":2964216,"self":3.2059484,"total":3.2059485,"children":null},"RequestDecision":{"count":2964216,"self":7.8630992,"total":42.228834899999995,"children":{"AgentInfo.ToProto":{"count":2964216,"self":7.4460888,"total":34.3657355,"children":{"GenerateSensorData":{"count":2964216,"self":24.503504,"total":26.9196469,"children":{"RayPerceptionSensor.Perceive":{"count":2964216,"self":2.4161432,"total":2.4161432,"children":null}}}}}}}}},"DecideAction":{"count":7441953,"self":18661.8478592,"total":18661.8471501,"children":null},"AgentAct":{"count":7441953,"self":936.3229696,"total":936.32291979999991,"children":null},"AgentInfo.ToProto":{"count":18867,"self":0.0386334,"total":0.20029419999999998,"children":{"GenerateSensorData":{"count":18867,"self":0.144029,"total":0.1616608,"children":{"RayPerceptionSensor.Perceive":{"count":18867,"self":0.0176318,"total":0.0176318,"children":null}}}}}},"gauges":{"PlayerAI.CumulativeReward":{"count":3522,"max":83.5857544,"min":-2.24010944,"runningAverage":6.93777752,"value":2.81910276,"weightedAverage":2.173921},"BossAI.CumulativeReward":{"count":3522,"max":233.127075,"min":0,"runningAverage":93.3398361,"value":110.119034,"weightedAverage":97.62019}},"metadata":{"timer_format_version":"0.1.0","start_time_seconds":"1774246989","unity_version":"6000.3.0f1","command_line_arguments":"D:\\6000.3.0f1\\Editor\\Unity.exe -projectpath D:\\SeniorProject -acceptSoftwareTermsForThisRunOnly -useHub -hubIPC -cloudEnvironment production","communication_protocol_version":"1.5.0","com.unity.ml-agents_version":"4.0.0","scene_name":"BossTrainingScene","end_time_seconds":"1774271861"}}