{"count":1,"self":138.4774912,"total":138.8890121,"children":{"InitializeActuators":{"count":1,"self":0.0032657999999999997,"total":0.0032657999999999997,"children":null},"InitializeSensors":{"count":1,"self":0.0023902999999999997,"total":0.0023902999999999997,"children":null},"AgentSendState":{"count":2447,"self":0.10065729999999999,"total":0.12635449999999998,"children":{"CollectObservations":{"count":490,"self":0.0072188999999999994,"total":0.0072188999999999994,"children":null},"WriteActionMask":{"count":490,"self":0.0010045,"total":0.0010045,"children":null},"RequestDecision":{"count":490,"self":0.017473799999999998,"total":0.017473799999999998,"children":null}}},"DecideAction":{"count":2447,"self":0.19527419999999998,"total":0.19780129999999999,"children":{"RayPerceptionSensor.Perceive":{"count":490,"self":0.0025271,"total":0.0025271,"children":null}}},"AgentAct":{"count":2447,"self":0.0802031,"total":0.0802031,"children":null}},"gauges":{},"metadata":{"timer_format_version":"0.1.0","start_time_seconds":"1773909221","unity_version":"6000.3.0f1","command_line_arguments":"C:\\Program Files\\Unity\\Hub\\Editor\\6000.3.0f1\\Editor\\Unity.exe -projectpath C:\\SeniorProject -acceptSoftwareTermsForThisRunOnly -useHub -hubIPC -cloudEnvironment production","communication_protocol_version":"1.5.0","com.unity.ml-agents_version":"4.0.0","scene_name":"SceneSelector","end_time_seconds":"1773909360"}}