{
    "name": "root",
    "gauges": {
        "MeleeAI.Policy.Entropy.mean": {
            "value": 2.7010514736175537,
            "min": 2.6396231651306152,
            "max": 2.718838691711426,
            "count": 10
        },
        "MeleeAI.Policy.Entropy.sum": {
            "value": 735723.1875,
            "min": 125525.1875,
            "max": 738521.8125,
            "count": 10
        },
        "MeleeAI.Step.mean": {
            "value": 1999971.0,
            "min": 1549947.0,
            "max": 1999971.0,
            "count": 10
        },
        "MeleeAI.Step.sum": {
            "value": 1999971.0,
            "min": 1549947.0,
            "max": 1999971.0,
            "count": 10
        },
        "MeleeAI.Policy.ExtrinsicValueEstimate.mean": {
            "value": -48.58274459838867,
            "min": -51.79744338989258,
            "max": -48.5124626159668,
            "count": 10
        },
        "MeleeAI.Policy.ExtrinsicValueEstimate.sum": {
            "value": -37943.125,
            "min": -39155.578125,
            "max": -37812.1328125,
            "count": 10
        },
        "MeleeAI.Losses.PolicyLoss.mean": {
            "value": 0.02365029224917331,
            "min": 0.02221840937583086,
            "max": 0.02864232528354478,
            "count": 10
        },
        "MeleeAI.Losses.PolicyLoss.sum": {
            "value": 0.09460116899669324,
            "min": 0.09012782345040857,
            "max": 0.12622226615785623,
            "count": 10
        },
        "MeleeAI.Losses.ValueLoss.mean": {
            "value": 8.4603875041008,
            "min": 7.890687567392985,
            "max": 8.501415853500365,
            "count": 10
        },
        "MeleeAI.Losses.ValueLoss.sum": {
            "value": 33.8415500164032,
            "min": 33.54087805747986,
            "max": 42.50707926750183,
            "count": 10
        },
        "MeleeAI.Policy.LearningRate.mean": {
            "value": 3.4796488401500026e-06,
            "min": 3.4796488401500026e-06,
            "max": 7.062802645734998e-05,
            "count": 10
        },
        "MeleeAI.Policy.LearningRate.sum": {
            "value": 1.391859536060001e-05,
            "min": 1.391859536060001e-05,
            "max": 0.00031814814395074995,
            "count": 10
        },
        "MeleeAI.Policy.Epsilon.mean": {
            "value": 0.10115984999999998,
            "min": 0.10115984999999998,
            "max": 0.12354264999999999,
            "count": 10
        },
        "MeleeAI.Policy.Epsilon.sum": {
            "value": 0.4046393999999999,
            "min": 0.4046393999999999,
            "max": 0.6060492500000001,
            "count": 10
        },
        "MeleeAI.Policy.Beta.mean": {
            "value": 6.787651500000008e-05,
            "min": 6.787651500000008e-05,
            "max": 0.001184778235,
            "count": 10
        },
        "MeleeAI.Policy.Beta.sum": {
            "value": 0.00027150606000000033,
            "min": 0.00027150606000000033,
            "max": 0.005341857575000001,
            "count": 10
        },
        "MeleeAI.IsTraining.mean": {
            "value": 1.0,
            "min": 1.0,
            "max": 1.0,
            "count": 10
        },
        "MeleeAI.IsTraining.sum": {
            "value": 1.0,
            "min": 1.0,
            "max": 1.0,
            "count": 10
        },
        "RangeAI.Policy.Entropy.mean": {
            "value": 2.041895627975464,
            "min": 1.9775925874710083,
            "max": 2.0658926963806152,
            "count": 10
        },
        "RangeAI.Policy.Entropy.sum": {
            "value": 102323.46875,
            "min": 94562.546875,
            "max": 1130873.125,
            "count": 10
        },
        "RangeAI.Step.mean": {
            "value": 1999993.0,
            "min": 1549945.0,
            "max": 1999993.0,
            "count": 10
        },
        "RangeAI.Step.sum": {
            "value": 1999993.0,
            "min": 1549945.0,
            "max": 1999993.0,
            "count": 10
        },
        "RangeAI.Policy.ExtrinsicValueEstimate.mean": {
            "value": -0.00017857020429801196,
            "min": -0.0015047835186123848,
            "max": 0.00026162120047956705,
            "count": 10
        },
        "RangeAI.Policy.ExtrinsicValueEstimate.sum": {
            "value": -0.1396418958902359,
            "min": -1.1150445938110352,
            "max": 0.20458777248859406,
            "count": 10
        },
        "RangeAI.Losses.PolicyLoss.mean": {
            "value": 0.0209584753504411,
            "min": 0.0209584753504411,
            "max": 0.02531619703232233,
            "count": 10
        },
        "RangeAI.Losses.PolicyLoss.sum": {
            "value": 0.0838339014017644,
            "min": 0.0838339014017644,
            "max": 0.12658098516161165,
            "count": 10
        },
        "RangeAI.Losses.ValueLoss.mean": {
            "value": 3.064731413360278e-06,
            "min": 2.425609209997977e-06,
            "max": 3.2237496054676736e-05,
            "count": 10
        },
        "RangeAI.Losses.ValueLoss.sum": {
            "value": 1.2258925653441111e-05,
            "min": 1.2128046049989886e-05,
            "max": 0.00012894998421870694,
            "count": 10
        },
        "RangeAI.Policy.LearningRate.mean": {
            "value": 3.860348713250002e-06,
            "min": 3.860348713250002e-06,
            "max": 7.073392642205e-05,
            "count": 10
        },
        "RangeAI.Policy.LearningRate.sum": {
            "value": 1.5441394853000008e-05,
            "min": 1.5441394853000008e-05,
            "max": 0.00031867764377424996,
            "count": 10
        },
        "RangeAI.Policy.Epsilon.mean": {
            "value": 0.10128675000000002,
            "min": 0.10128675000000002,
            "max": 0.12357795000000002,
            "count": 10
        },
        "RangeAI.Policy.Epsilon.sum": {
            "value": 0.4051470000000001,
            "min": 0.4051470000000001,
            "max": 0.60622575,
            "count": 10
        },
        "RangeAI.Policy.Beta.mean": {
            "value": 7.420882500000003e-05,
            "min": 7.420882500000003e-05,
            "max": 0.0011865397050000001,
            "count": 10
        },
        "RangeAI.Policy.Beta.sum": {
            "value": 0.0002968353000000001,
            "min": 0.0002968353000000001,
            "max": 0.005350664925000001,
            "count": 10
        },
        "RangeAI.IsTraining.mean": {
            "value": 1.0,
            "min": 1.0,
            "max": 1.0,
            "count": 10
        },
        "RangeAI.IsTraining.sum": {
            "value": 1.0,
            "min": 1.0,
            "max": 1.0,
            "count": 10
        },
        "MeleeAI.Environment.EpisodeLength.mean": {
            "value": 14055.0,
            "min": 14055.0,
            "max": 14055.0,
            "count": 1
        },
        "MeleeAI.Environment.EpisodeLength.sum": {
            "value": 14055.0,
            "min": 14055.0,
            "max": 14055.0,
            "count": 1
        },
        "MeleeAI.Self-play.ELO.mean": {
            "value": 1204.0572930662363,
            "min": 1204.0572930662363,
            "max": 1204.0572930662363,
            "count": 1
        },
        "MeleeAI.Self-play.ELO.sum": {
            "value": 1204.0572930662363,
            "min": 1204.0572930662363,
            "max": 1204.0572930662363,
            "count": 1
        },
        "MeleeAI.Environment.CumulativeReward.mean": {
            "value": -5421.91801071167,
            "min": -5421.91801071167,
            "max": -5421.91801071167,
            "count": 1
        },
        "MeleeAI.Environment.CumulativeReward.sum": {
            "value": -5421.91801071167,
            "min": -5421.91801071167,
            "max": -5421.91801071167,
            "count": 1
        },