{
    "name": "root",
    "gauges": {
        "Enemy1.Policy.Entropy.mean": {
            "value": 1.30806303024292,
            "min": 1.2698497772216797,
            "max": 1.36883544921875,
            "count": 9
        },
        "Enemy1.Policy.Entropy.sum": {
            "value": 65386.1484375,
            "min": 63442.96484375,
            "max": 68507.4765625,
            "count": 9
        },
        "Enemy1.Step.mean": {
            "value": 449967.0,
            "min": 49984.0,
            "max": 449967.0,
            "count": 9
        },
        "Enemy1.Step.sum": {
            "value": 449967.0,
            "min": 49984.0,
            "max": 449967.0,
            "count": 9
        },
        "Enemy1.Policy.ExtrinsicValueEstimate.mean": {
            "value": -0.17733445763587952,
            "min": -0.17733445763587952,
            "max": 0.06000019982457161,
            "count": 9
        },
        "Enemy1.Policy.ExtrinsicValueEstimate.sum": {
            "value": -143.10890197753906,
            "min": -143.10890197753906,
            "max": 48.18016052246094,
            "count": 9
        },
        "Enemy1.Environment.EpisodeLength.mean": {
            "value": 793.4603174603175,
            "min": 743.7462686567164,
            "max": 897.5272727272727,
            "count": 9
        },
        "Enemy1.Environment.EpisodeLength.sum": {
            "value": 49988.0,
            "min": 49364.0,
            "max": 50293.0,
            "count": 9
        },
        "Enemy1.Environment.CumulativeReward.mean": {
            "value": -1.431790533874716,
            "min": -3.2738861697244235,
            "max": -1.277606023892538,
            "count": 9
        },
        "Enemy1.Environment.CumulativeReward.sum": {
            "value": -90.20280363410711,
            "min": -189.88539784401655,
            "max": -85.59960360080004,
            "count": 9
        },
        "Enemy1.Policy.ExtrinsicReward.mean": {
            "value": -1.431790533874716,
            "min": -3.2738861697244235,
            "max": -1.277606023892538,
            "count": 9
        },
        "Enemy1.Policy.ExtrinsicReward.sum": {
            "value": -90.20280363410711,
            "min": -189.88539784401655,
            "max": -85.59960360080004,
            "count": 9
        },
        "Enemy1.Losses.PolicyLoss.mean": {
            "value": 0.02283904434802632,
            "min": 0.021819160180166365,
            "max": 0.026604302835961186,
            "count": 9
        },
        "Enemy1.Losses.PolicyLoss.sum": {
            "value": 0.1141952217401316,
            "min": 0.09186198979926606,
            "max": 0.13302151417980593,
            "count": 9
        },
        "Enemy1.Losses.ValueLoss.mean": {
            "value": 0.0038767327273186913,
            "min": 0.001992979985079728,
            "max": 0.007769000538003942,
            "count": 9
        },
        "Enemy1.Losses.ValueLoss.sum": {
            "value": 0.019383663636593457,
            "min": 0.009180782170733436,
            "max": 0.031076002152015766,
            "count": 9
        },
        "Enemy1.Policy.LearningRate.mean": {
            "value": 4.725500424836e-05,
            "min": 4.725500424836e-05,
            "max": 0.00028460820513059995,
            "count": 9
        },
        "Enemy1.Policy.LearningRate.sum": {
            "value": 0.0002362750212418,
            "min": 0.0002362750212418,
            "max": 0.0012843066718977998,
            "count": 9
        },
        "Enemy1.Policy.Epsilon.mean": {
            "value": 0.11575164,
            "min": 0.11575164,
            "max": 0.19486939999999997,
            "count": 9
        },
        "Enemy1.Policy.Epsilon.sum": {
            "value": 0.5787582,
            "min": 0.4999837999999999,
            "max": 0.9281022,
            "count": 9
        },
        "Enemy1.Policy.Beta.mean": {
            "value": 0.0007960068360000001,
            "min": 0.0007960068360000001,
            "max": 0.004743983060000001,
            "count": 9
        },
        "Enemy1.Policy.Beta.sum": {
            "value": 0.0039800341800000005,
            "min": 0.0039800341800000005,
            "max": 0.021412299779999994,
            "count": 9
        },
        "Enemy1.IsTraining.mean": {
            "value": 1.0,
            "min": 1.0,
            "max": 1.0,
            "count": 9
        },
        "Enemy1.IsTraining.sum": {
            "value": 1.0,
            "min": 1.0,
            "max": 1.0,
            "count": 9
        }
    },
    "metadata": {
        "timer_format_version": "0.1.0",
        "start_time_seconds": "1752653421",
        "python_version": "3.10.12 | packaged by Anaconda, Inc. | (main, Jul  5 2023, 19:01:18) [MSC v.1916 64 bit (AMD64)]",
        "command_line_arguments": "C:\\Users\\Tom\\miniconda3\\envs\\mlagents\\Scripts\\mlagents-learn .\\config\\MeleeEnemyConfig.yaml --run-id=Melee1",
        "mlagents_version": "1.1.0",
        "mlagents_envs_version": "1.1.0",
        "communication_protocol_version": "1.5.0",
        "pytorch_version": "2.2.2+cu121",
        "numpy_version": "1.23.5",
        "end_time_seconds": "1752663105"
    },
    "total": 9684.368374500002,
    "count": 1,
    "self": 0.01960000000326545,
    "children": {
        "run_training.setup": {
            "total": 0.09580459999779123,
            "count": 1,
            "self": 0.09580459999779123
        },
        "TrainerController.start_learning": {
            "total": 9684.2529699,
            "count": 1,
            "self": 25.186601000124938,
            "children": {
                "TrainerController._reset_env": {
                    "total": 28.20502850000048,
                    "count": 1,
                    "self": 28.20502850000048
                },
                "TrainerController.advance": {
                    "total": 9630.139484499872,
                    "count": 455814,
                    "self": 25.65611119872483,
                    "children": {
                        "env_step": {
                            "total": 9266.221108001322,
                            "count": 455814,
                            "self": 5424.424656101539,
                            "children": {
                                "SubprocessEnvManager._take_step": {
                                    "total": 3824.00505070062,
                                    "count": 455814,
                                    "self": 66.28090730128315,
                                    "children": {
                                        "TorchPolicy.evaluate": {
                                            "total": 3757.7241433993368,
                                            "count": 455341,
                                            "self": 3757.7241433993368
                                        }
                                    }
                                },
                                "workers": {
                                    "total": 17.791401199163374,
                                    "count": 455813,
                                    "self": 0.0,
                                    "children": {
                                        "worker_root": {
                                            "total": 9638.989198199346,
                                            "count": 455813,
                                            "is_parallel": true,
                                            "self": 5282.678556798841,
                                            "children": {
                                                "steps_from_proto": {
                                                    "total": 0.00045110000064596534,
                                                    "count": 1,
                                                    "is_parallel": true,
                                                    "self": 0.00022990000070421956,