{
    "name": "root",
    "gauges": {
        "BossAI.Policy.Entropy.mean": {
            "value": 1.6153560876846313,
            "min": 1.6153560876846313,
            "max": 2.082921028137207,
            "count": 50
        },
        "BossAI.Policy.Entropy.sum": {
            "value": 80775.8828125,
            "min": 80775.8828125,
            "max": 621994.0625,
            "count": 50
        },
        "BossAI.Step.mean": {
            "value": 5249944.0,
            "min": 2799956.0,
            "max": 5249944.0,
            "count": 50
        },
        "BossAI.Step.sum": {
            "value": 5249944.0,
            "min": 2799956.0,
            "max": 5249944.0,
            "count": 50
        },
        "BossAI.Policy.ExtrinsicValueEstimate.mean": {
            "value": -16.572053909301758,
            "min": -16.676340103149414,
            "max": -11.49866771697998,
            "count": 50
        },
        "BossAI.Policy.ExtrinsicValueEstimate.sum": {
            "value": -13307.359375,
            "min": -13507.8359375,
            "max": -9555.392578125,
            "count": 50
        },
        "BossAI.Environment.EpisodeLength.mean": {
            "value": 1597.65625,
            "min": 692.8055555555555,
            "max": 1597.65625,
            "count": 50
        },
        "BossAI.Environment.EpisodeLength.sum": {
            "value": 51125.0,
            "min": 48015.0,
            "max": 301147.0,
            "count": 50
        },
        "BossAI.Self-play.ELO.mean": {
            "value": 1265.6021545232752,
            "min": 1206.1149369331715,
            "max": 1326.8951362200098,
            "count": 50
        },
        "BossAI.Self-play.ELO.sum": {
            "value": 40499.26894474481,
            "min": 40499.26894474481,
            "max": 95402.75496776824,
            "count": 50
        },
        "BossAI.Environment.CumulativeReward.mean": {
            "value": -311.90547603555024,
            "min": -311.90547603555024,
            "max": -90.5111294504669,
            "count": 50
        },
        "BossAI.Environment.CumulativeReward.sum": {
            "value": -9980.975233137608,
            "min": -10227.475117206573,
            "max": -6510.7834957540035,
            "count": 50
        },
        "BossAI.Policy.ExtrinsicReward.mean": {
            "value": -311.90547603555024,
            "min": -311.90547603555024,
            "max": -90.5111294504669,
            "count": 50
        },
        "BossAI.Policy.ExtrinsicReward.sum": {
            "value": -9980.975233137608,
            "min": -10227.475117206573,
            "max": -6510.7834957540035,
            "count": 50
        },
        "BossAI.Losses.PolicyLoss.mean": {
            "value": 0.026054836682257398,
            "min": 0.019608971244936886,
            "max": 0.026897251806998007,
            "count": 45
        },
        "BossAI.Losses.PolicyLoss.sum": {
            "value": 0.130274183411287,
            "min": 0.07843588497974754,
            "max": 0.13448625903499004,
            "count": 45
        },
        "BossAI.Losses.ValueLoss.mean": {
            "value": 3.8654519176483157,
            "min": 2.764751792947451,
            "max": 4.738161487579346,
            "count": 45
        },
        "BossAI.Losses.ValueLoss.sum": {
            "value": 19.327259588241578,
            "min": 11.059007171789805,
            "max": 23.69080743789673,
            "count": 45
        },
        "BossAI.Policy.LearningRate.mean": {
            "value": 1.2386195871599964e-06,
            "min": 1.2386195871599964e-06,
            "max": 0.00013343663552114001,
            "count": 45
        },
        "BossAI.Policy.LearningRate.sum": {
            "value": 6.193097935799982e-06,
            "min": 6.193097935799982e-06,
            "max": 0.0006533075222309197,
            "count": 45
        },
        "BossAI.Policy.Epsilon.mean": {
            "value": 0.10041283999999999,
            "min": 0.10041283999999999,
            "max": 0.14447886000000001,
            "count": 45
        },
        "BossAI.Policy.Epsilon.sum": {
            "value": 0.5020642,
            "min": 0.43000418000000007,
            "max": 0.7177690800000002,
            "count": 45
        },
        "BossAI.Policy.Beta.mean": {
            "value": 3.060071599999994e-05,
            "min": 3.060071599999994e-05,
            "max": 0.002229495114,
            "count": 45
        },
        "BossAI.Policy.Beta.sum": {
            "value": 0.00015300357999999971,
            "min": 0.00015300357999999971,
            "max": 0.010916677092000003,
            "count": 45
        },
        "BossAI.IsTraining.mean": {
            "value": 0.0,
            "min": 0.0,
            "max": 1.0,
            "count": 50
        },
        "BossAI.IsTraining.sum": {
            "value": 0.0,
            "min": 0.0,
            "max": 1.0,
            "count": 50
        },
        "PlayerAI.Policy.Entropy.mean": {
            "value": 2.2329111099243164,
            "min": 2.182065725326538,
            "max": 2.2329111099243164,
            "count": 49
        },
        "PlayerAI.Policy.Entropy.sum": {
            "value": 111620.9921875,
            "min": 108968.0,
            "max": 667750.875,
            "count": 49
        },
        "PlayerAI.Environment.EpisodeLength.mean": {
            "value": 3048.705882352941,
            "min": 1295.3157894736842,
            "max": 3236.266666666667,
            "count": 49
        },
        "PlayerAI.Environment.EpisodeLength.sum": {
            "value": 51828.0,
            "min": 47878.0,
            "max": 298816.0,
            "count": 49
        },
        "PlayerAI.Step.mean": {
            "value": 4999970.0,
            "min": 2599990.0,
            "max": 4999970.0,
            "count": 49
        },
        "PlayerAI.Step.sum": {
            "value": 4999970.0,
            "min": 2599990.0,
            "max": 4999970.0,
            "count": 49
        },
        "PlayerAI.Policy.ExtrinsicValueEstimate.mean": {
            "value": -0.07468314468860626,
            "min": -0.2253021001815796,
            "max": -0.06311215460300446,
            "count": 49
        },
        "PlayerAI.Policy.ExtrinsicValueEstimate.sum": {
            "value": -58.850318908691406,
            "min": -178.05088806152344,
            "max": -49.85860061645508,
            "count": 49
        },
        "PlayerAI.Self-play.ELO.mean": {
            "value": 986.3312407029621,
            "min": 986.3312407029621,
            "max": 1172.5359811938872,
            "count": 49
        },
        "PlayerAI.Self-play.ELO.sum": {
            "value": 16767.631091950356,
            "min": 14922.173029776943,
            "max": 41009.24888225128,
            "count": 49
        },
        "PlayerAI.Environment.CumulativeReward.mean": {
            "value": -2.245398829526761,
            "min": -2.364178971387446,
            "max": -2.133300174605744,
            "count": 49
        },
        "PlayerAI.Environment.CumulativeReward.sum": {
            "value": -38.17178010195494,
            "min": -81.71999920718372,
            "max": -32.72033555433154,
            "count": 49
        },
        "PlayerAI.Policy.ExtrinsicReward.mean": {
            "value": -2.245398829526761,
            "min": -2.364178971387446,
            "max": -2.133300174605744,
            "count": 49
        },
        "PlayerAI.Policy.ExtrinsicReward.sum": {
            "value": -38.17178010195494,
            "min": -81.71999920718372,
            "max": -32.72033555433154,
            "count": 49
        },
        "PlayerAI.Losses.PolicyLoss.mean": {
            "value": 0.018381231119080136,
            "min": 0.013840806617372437,
            "max": 0.020324719400377944,
            "count": 49
        },
        "PlayerAI.Losses.PolicyLoss.sum": {
            "value": 0.05514369335724041,
            "min": 0.028548378287814556,