{
    "name": "root",
    "gauges": {
        "PlayerAI.Policy.Entropy.mean": {
            "value": 1.9261406660079956,
            "min": 1.915565013885498,
            "max": 2.5107791423797607,
            "count": 29
        },
        "PlayerAI.Policy.Entropy.sum": {
            "value": 96310.8828125,
            "min": 18296.046875,
            "max": 659777.3125,
            "count": 29
        },
        "PlayerAI.Step.mean": {
            "value": 2999950.0,
            "min": 1599954.0,
            "max": 2999950.0,
            "count": 29
        },
        "PlayerAI.Step.sum": {
            "value": 2999950.0,
            "min": 1599954.0,
            "max": 2999950.0,
            "count": 29
        },
        "PlayerAI.Policy.ExtrinsicValueEstimate.mean": {
            "value": 8.487447738647461,
            "min": 3.0070364475250244,
            "max": 9.432381629943848,
            "count": 29
        },
        "PlayerAI.Policy.ExtrinsicValueEstimate.sum": {
            "value": 7655.677734375,
            "min": 487.1399230957031,
            "max": 8564.6025390625,
            "count": 29
        },
        "PlayerAI.Environment.EpisodeLength.mean": {
            "value": 265.3636363636364,
            "min": 123.32727272727273,
            "max": 297.0473372781065,
            "count": 29
        },
        "PlayerAI.Environment.EpisodeLength.sum": {
            "value": 49623.0,
            "min": 6783.0,
            "max": 297028.0,
            "count": 29
        },
        "PlayerAI.Self-play.ELO.mean": {
            "value": 1043.767225433382,
            "min": 1020.4396490889084,
            "max": 1066.9167241627633,
            "count": 29
        },
        "PlayerAI.Self-play.ELO.sum": {
            "value": 195184.47115604245,
            "min": 57781.49163905613,
            "max": 355549.7178144896,
            "count": 29
        },
        "PlayerAI.Environment.CumulativeReward.mean": {
            "value": 26.448913037093316,
            "min": 4.826218398359858,
            "max": 27.66426349694264,
            "count": 29
        },
        "PlayerAI.Environment.CumulativeReward.sum": {
            "value": 4972.3956509735435,
            "min": 265.4420119097922,
            "max": 5809.495334357955,
            "count": 29
        },
        "PlayerAI.Policy.ExtrinsicReward.mean": {
            "value": 26.448913037093316,
            "min": 4.826218398359858,
            "max": 27.66426349694264,
            "count": 29
        },
        "PlayerAI.Policy.ExtrinsicReward.sum": {
            "value": 4972.3956509735435,
            "min": 265.4420119097922,
            "max": 5809.495334357955,
            "count": 29
        },
        "PlayerAI.IsTraining.mean": {
            "value": 1.0,
            "min": 1.0,
            "max": 1.0,
            "count": 29
        },
        "PlayerAI.IsTraining.sum": {
            "value": 1.0,
            "min": 1.0,
            "max": 1.0,
            "count": 29
        },
        "PlayerAI.Losses.PolicyLoss.mean": {
            "value": 0.015573916434853646,
            "min": 0.01220386687782593,
            "max": 0.021072615370697653,
            "count": 28
        },
        "PlayerAI.Losses.PolicyLoss.sum": {
            "value": 0.031147832869707293,
            "min": 0.02440773375565186,
            "max": 0.056334790626230334,
            "count": 28
        },
        "PlayerAI.Losses.ValueLoss.mean": {
            "value": 5.777850619951884,
            "min": 2.351205951637692,
            "max": 6.5225003613366015,
            "count": 28
        },
        "PlayerAI.Losses.ValueLoss.sum": {
            "value": 11.555701239903769,
            "min": 5.016558281580607,
            "max": 19.567501084009805,
            "count": 28
        },
        "PlayerAI.Policy.LearningRate.mean": {
            "value": 2.264349245249996e-06,
            "min": 2.264349245249996e-06,
            "max": 0.00013765245411586667,
            "count": 28
        },
        "PlayerAI.Policy.LearningRate.sum": {
            "value": 4.528698490499992e-06,
            "min": 4.528698490499992e-06,
            "max": 0.0003975649674784,
            "count": 28
        },
        "PlayerAI.Policy.Epsilon.mean": {
            "value": 0.10075474999999998,
            "min": 0.10075474999999998,
            "max": 0.14588413333333333,
            "count": 28
        },
        "PlayerAI.Policy.Epsilon.sum": {
            "value": 0.20150949999999995,
            "min": 0.20150949999999995,
            "max": 0.4325216,
            "count": 28
        },
        "PlayerAI.Policy.Beta.mean": {
            "value": 4.7662024999999926e-05,
            "min": 4.7662024999999926e-05,
            "max": 0.0022996182533333337,
            "count": 28
        },
        "PlayerAI.Policy.Beta.sum": {
            "value": 9.532404999999985e-05,
            "min": 9.532404999999985e-05,
            "max": 0.006642827840000002,
            "count": 28
        },
        "BossAI.Policy.Entropy.mean": {
            "value": 2.5228214263916016,
            "min": 2.3113276958465576,
            "max": 2.979357957839966,
            "count": 25
        },
        "BossAI.Policy.Entropy.sum": {
            "value": 126078.0,
            "min": 115633.4140625,
            "max": 882356.25,
            "count": 25
        },
        "BossAI.Environment.EpisodeLength.mean": {
            "value": 204.02448979591836,
            "min": 146.57388316151201,
            "max": 208.05416666666667,
            "count": 25
        },
        "BossAI.Environment.EpisodeLength.sum": {
            "value": 49986.0,
            "min": 49295.0,
            "max": 300003.0,
            "count": 25
        },
        "BossAI.Step.mean": {
            "value": 2999970.0,
            "min": 1799981.0,
            "max": 2999970.0,
            "count": 25
        },
        "BossAI.Step.sum": {
            "value": 2999970.0,
            "min": 1799981.0,
            "max": 2999970.0,
            "count": 25
        },
        "BossAI.Policy.ExtrinsicValueEstimate.mean": {
            "value": 13.837721824645996,
            "min": 7.778563976287842,
            "max": 16.864185333251953,
            "count": 25
        },
        "BossAI.Policy.ExtrinsicValueEstimate.sum": {
            "value": 13215.0244140625,
            "min": 8019.69921875,
            "max": 16240.2099609375,
            "count": 25
        },
        "BossAI.Self-play.ELO.mean": {
            "value": 1110.0613605536043,
            "min": 1059.3332555151728,
            "max": 1152.8327920185138,
            "count": 25
        },
        "BossAI.Self-play.ELO.sum": {
            "value": 271965.03333563305,
            "min": 262684.4045378649,
            "max": 363462.5392105719,
            "count": 25
        },
        "BossAI.Environment.CumulativeReward.mean": {
            "value": 39.46207263037106,
            "min": 16.401872898888627,
            "max": 47.71358060620696,
            "count": 25
        },
        "BossAI.Environment.CumulativeReward.sum": {
            "value": 9668.20779444091,
            "min": 5402.09348022379,
            "max": 12214.676635188982,
            "count": 25
        },
        "BossAI.Policy.ExtrinsicReward.mean": {
            "value": 39.46207263037106,
            "min": 16.401872898888627,
            "max": 47.71358060620696,
            "count": 25
        },
        "BossAI.Policy.ExtrinsicReward.sum": {
            "value": 9668.20779444091,
            "min": 5402.09348022379,
            "max": 12214.676635188982,
            "count": 25
        },
        "BossAI.Losses.PolicyLoss.mean": {
            "value": 0.025016278160983348,
            "min": 0.01986104403318071,
            "max": 0.028639645395451226,
            "count": 25
        },
        "BossAI.Losses.PolicyLoss.sum": {
            "value": 0.12508139080491673,
            "min": 0.08020381109769611,